name,src_file,src_line,self_total_ms,calls,self_mean_us,self_max_ms
"LLThreadSafeQueue<class std::function<void __cdecl(void)>,class std::queue<class std::function<void __cdecl(void)>,class std::deque<class std::function<void __cdecl(void)>,class std::allocator<class std::function<void __cdecl(void)> > > > >::pop",E:\BoxxyViewer\indra\llcommon\llthreadsafequeue.h,446,19002.943324,790,24054.358637974685,2697.449501
micro_sleep,E:\BoxxyViewer\indra\llcommon\lltimer.cpp,94,10475.327641,1817,5765.17756796918,1000.967359
LLCondition::wait,E:\BoxxyViewer\indra\llcommon\llmutex.cpp,341,5159.161368,1117,4618.765772605193,20.765458
w32t - GetMessage,E:\BoxxyViewer\indra\llwindow\llwindowwin32.cpp,5577,5154.228452,110,46856.62229090909,51.235151
LLCore::HttpService::processRequestQueue,E:\BoxxyViewer\indra\llcorehttp\_httpservice.cpp,340,346.646429,1726,200.8380237543453,33.599764
Exact OIT collect completed stats,E:\BoxxyViewer\indra\newview\fsexactoit.cpp,1241,306.344909,172,1781.0750523255815,4.493216
ra - push batch,E:\BoxxyViewer\indra\newview\lldrawpoolalpha.cpp,699,257.341585,470376,0.5470976091467252,0.208243
calcPixelArea - rigged,E:\BoxxyViewer\indra\newview\llface.cpp,2296,243.469881,372858,0.6529828540624045,0.149659
LLVOAvatar::idleUpdate,E:\BoxxyViewer\indra\newview\llvoavatar.cpp,2941,173.465028,15538,11.163922512549878,0.211094
LLRenderPass::pushBatchRange,E:\BoxxyViewer\indra\newview\lldrawpool.cpp,704,168.228012,1066002,0.15781209791351236,0.121083
Exact OIT overflow predicate submission,E:\BoxxyViewer\indra\newview\fsexactoit.cpp,1558,165.128235,172,960.0478779069767,1.495197
LLMotionController::updateMotionsByType,E:\BoxxyViewer\indra\llcharacter\llmotioncontroller.cpp,570,151.920809,8768,17.32673460310219,0.240469
draw_ui_backdrop,E:\BoxxyViewer\indra\newview\llviewerdisplay.cpp,1693,122.791101,172,713.90175,1.410177
LLPipeline::stateSort,E:\BoxxyViewer\indra\newview\pipeline.cpp,3198,118.55669,1290,91.90441085271317,0.749165
LLKeyframeMotion::onUpdate,E:\BoxxyViewer\indra\llcharacter\llkeyframemotion.cpp,686,113.55437,23728,4.785669672960215,0.099852
LLView::findChildView,E:\BoxxyViewer\indra\llui\llview.cpp,1650,108.616446,1979224,0.054878298767597804,0.221903
materials draw loop,E:\BoxxyViewer\indra\newview\lldrawpoolmaterials.cpp,192,105.967391,538219,0.1968852660348297,0.125054
LLPipeline::postSort,E:\BoxxyViewer\indra\newview\pipeline.cpp,3648,92.719144,1290,71.87530542635659,0.43533
LLGLSLShader::uniform1f,E:\BoxxyViewer\indra\llrender\llglslshader.cpp,1849,83.273033,2944648,0.028279452416723493,0.138289
LLRenderPass::uploadMatrixPalette,E:\BoxxyViewer\indra\newview\lldrawpool.cpp,809,79.684882,1585831,0.050248028951382584,0.133426
LLSpatialPartition::cull,E:\BoxxyViewer\indra\newview\llspatialpartition.cpp,1438,74.423314,7602,9.789965009208103,0.30644
LLFace::calcPixelArea,E:\BoxxyViewer\indra\newview\llface.cpp,2288,71.784294,460064,0.1560311043680879,0.042151
LLPipeline::generateSSSDepth,E:\BoxxyViewer\indra\newview\pipeline.cpp,10482,69.083045,173,399.32395953757225,7.466733
LLGLSLShader::getUniformLocation,E:\BoxxyViewer\indra\llrender\llglslshader.cpp,1720,66.958163,5886589,0.011374696449845572,0.101618
LLSpatialBridge::setVisible,E:\BoxxyViewer\indra\newview\lldrawable.cpp,1507,63.075728,140240,0.44976988020536224,0.128941
LLOcclusionCullingGroup::checkOcclusion,E:\BoxxyViewer\indra\newview\llvieweroctree.cpp,1111,58.237418,472696,0.1232026884086178,0.103543
LLRender::syncMatrices,E:\BoxxyViewer\indra\llrender\llrender.cpp,909,54.744812,2840402,0.01927361408702008,0.101343
LLGLSLShader::uniformMatrix3x4fv,E:\BoxxyViewer\indra\llrender\llglslshader.cpp,1678,49.667663,310387,0.1600185027079098,0.060385
LLDrawable::updateDistance,E:\BoxxyViewer\indra\newview\lldrawable.cpp,873,49.272336,109315,0.4507371906874628,0.163719
LLSkinningUtil::initSkinningMatrixPalette,E:\BoxxyViewer\indra\newview\llskinningutil.cpp,134,48.978545,67539,0.725189075941308,0.060024
LLViewerOctreeGroup::rebound,E:\BoxxyViewer\indra\newview\llvieweroctree.cpp,548,47.733003,210114,0.22717668979696737,0.072841
LLRenderPass::pushUntexturedBatch,E:\BoxxyViewer\indra\newview\lldrawpool.cpp,759,47.54705,426530,0.11147410498675357,0.114116
LLGLSLShader::uniform1i,E:\BoxxyViewer\indra\llrender\llglslshader.cpp,1778,47.502619,1898771,0.02501756083277025,0.108111
LLImageJ2C::decodeChannels,E:\BoxxyViewer\indra\llimage\llimagej2c.cpp,158,46.061306,18,2558.9614444444446,5.992587
LLGLSLShader::uniform1f,E:\BoxxyViewer\indra\llrender\llglslshader.cpp,1327,44.323423,3244902,0.01365940265684449,0.129584
LLViewerTextureList::updateImageDecodePriority,E:\BoxxyViewer\indra\newview\llviewertexturelist.cpp,929,42.997372,43297,0.9930797052913597,0.148753
LL::WorkQueueBase::callWork,E:\BoxxyViewer\indra\llcommon\workqueue.cpp,209,42.140302,878,47.99578815489749,14.946885
render_ui_2d,E:\BoxxyViewer\indra\newview\llviewerdisplay.cpp,1807,39.024905,172,226.88898255813953,1.199924
LLVOAvatar::getOverallAppearance,E:\BoxxyViewer\indra\newview\llvoavatar.cpp,12460,38.720724,224112,0.17277398800599703,0.035093
LLViewerObject::getAvatar,E:\BoxxyViewer\indra\newview\llviewerobject.cpp,7688,37.543255,755438,0.04969733452646015,0.063614
LLViewerWindow::updateUI,E:\BoxxyViewer\indra\newview\llviewerwindow.cpp,3538,37.530223,172,218.19897093023255,0.433044
LLMotionController::updateMotions,E:\BoxxyViewer\indra\llcharacter\llmotioncontroller.cpp,837,37.347512,4384,8.519049270072992,0.132831
LLViewerObjectList::update,E:\BoxxyViewer\indra\newview\llviewerobjectlist.cpp,834,34.529937,172,200.7554476744186,0.311144
LLPipeline::calcNearbyLights,E:\BoxxyViewer\indra\newview\pipeline.cpp,5637,34.159283,1039,32.87707699711261,0.128639
LLParticlePartition::getGeometry,E:\BoxxyViewer\indra\newview\llvopartgroup.cpp,786,34.158639,3355,10.181412518628912,0.218968
LLRenderPass::pushRiggedMaskBatches,E:\BoxxyViewer\indra\newview\lldrawpool.cpp,625,33.908804,7561,4.484698320327999,0.149066
LLFontGL::render,E:\BoxxyViewer\indra\llrender\llfontgl.cpp,155,32.56331,35020,0.9298489434608794,0.216676
LLPipeline::bindDeferredShader,E:\BoxxyViewer\indra\newview\pipeline.cpp,8341,32.493618,22650,1.434596821192053,0.062756
LLGLSLShader::enableTexture,E:\BoxxyViewer\indra\llrender\llglslshader.cpp,1234,32.458521,2172699,0.014939262640614277,0.15069
LLSpatialPartition::calcDistance,E:\BoxxyViewer\indra\newview\llspatialpartition.cpp,640,31.406787,222623,0.1410761107342907,0.050025
LLGLSLShader::bindTexture,E:\BoxxyViewer\indra\llrender\llglslshader.cpp,1138,30.500102,1442553,0.02114314136118396,0.094922
httppt - curl_multi_perform,E:\BoxxyViewer\indra\llcorehttp\_httplibcurl.cpp,173,30.054899,2006,14.982501994017946,6.736467
FTM_SIMULATE_PARTICLES,E:\BoxxyViewer\indra\newview\llviewerpartsim.cpp,672,29.10864,173,168.25803468208093,0.297651
LLPipeline::updateMovedList,E:\BoxxyViewer\indra\newview\pipeline.cpp,2152,28.758104,346,83.11590751445087,0.213307
renderAlpha - group,E:\BoxxyViewer\indra\newview\lldrawpoolalpha.cpp,643,28.347418,178869,0.1584814473161923,0.112108
LLVOAvatar::idleUpdateNameTag,E:\BoxxyViewer\indra\newview\llvoavatar.cpp,3647,27.215287,15539,1.7514181736276466,0.058091
LLSpatialGroup::updateInGroup,E:\BoxxyViewer\indra\newview\llspatialpartition.cpp,226,26.017319,116822,0.22270907020937838,0.102559
LLGLState::LLGLState,E:\BoxxyViewer\indra\llrender\llgl.cpp,2520,25.667443,798738,0.032134996707305775,0.074231
LLScrollContainer::draw,E:\BoxxyViewer\indra\llui\llscrollcontainer.cpp,488,25.583001,860,29.74767558139535,0.194665
LLVOVolume::updateTextures,E:\BoxxyViewer\indra\newview\llvovolume.cpp,795,24.37382,32942,0.739901038188331,0.087385
LLVOVolume::getBinRadius,E:\BoxxyViewer\indra\newview\llvovolume.cpp,4828,22.853331,140097,0.16312505621105375,0.070454
LLPhysicsMotionController::onUpdate,E:\BoxxyViewer\indra\newview\llphysicsmotion.cpp,456,22.669688,2836,7.993543018335684,0.08734
LLViewerOctreeGroup::unbound,E:\BoxxyViewer\indra\newview\llvieweroctree.cpp,519,22.44184,124097,0.18084111622359927,0.03917
LLMotionController::updateIdleActiveMotions,E:\BoxxyViewer\indra\llcharacter\llmotioncontroller.cpp,555,22.108496,11154,1.9821136811906042,0.204718
LLVOPartGroup::updateGeometry,E:\BoxxyViewer\indra\newview\llvopartgroup.cpp,218,21.516402,3684,5.8405,0.071535
LLVOAvatar::idleUpdateMisc,E:\BoxxyViewer\indra\newview\llvoavatar.cpp,3268,21.389949,15539,1.3765331745929594,0.062322
LLShaderUniforms::apply,E:\BoxxyViewer\indra\llrender\llglslshader.cpp,2042,21.2827,104236,0.20417801911048006,0.080683
glBufferSubData,E:\BoxxyViewer\indra\llrender\llvertexbuffer.cpp,1388,20.634731,64760,0.31863389437924644,0.307884
LLTextBase::draw,E:\BoxxyViewer\indra\llui\lltextbase.cpp,1522,20.131004,6708,3.0010441264162195,0.086862
LLVOAvatar::renderSkinned,E:\BoxxyViewer\indra\newview\llvoavatar.cpp,5540,19.32722,27992,0.6904551300371535,0.061772
LLMotionController::updateIdleMotion,E:\BoxxyViewer\indra\llcharacter\llmotioncontroller.cpp,516,19.094224,205704,0.09282378563372613,0.060491
LLGLSLShader::bind,E:\BoxxyViewer\indra\llrender\llglslshader.cpp,1060,18.865433,254578,0.07410472625285768,0.044818
LLRender::flush,E:\BoxxyViewer\indra\llrender\llrender.cpp,1502,18.575056,63405,0.2929588518255658,0.123815
LLPipeline::renderGeomDeferred,E:\BoxxyViewer\indra\newview\pipeline.cpp,4076,18.0721,606,29.821947194719474,0.234647
LLVOAvatar::updateSkinInfoMatrixPalette,E:\BoxxyViewer\indra\newview\llvoavatar.cpp,10589,17.950908,67539,0.26578581264158485,0.13402
LLFace::calcImportanceToCamera,E:\BoxxyViewer\indra\newview\llface.cpp,2488,17.29381,448749,0.03853782403971931,0.033064
LLParticlePartition::rebuildGeom,E:\BoxxyViewer\indra\newview\llvopartgroup.cpp,665,17.138135,3688,4.646999728850325,0.103232
LLVOVolume::updateLOD,E:\BoxxyViewer\indra\newview\llvovolume.cpp,1758,16.411932,97725,0.1679399539524175,0.00702
renderDeferredLighting - local lights,E:\BoxxyViewer\indra\newview\pipeline.cpp,8827,16.072513,345,46.58699420289855,0.161395
LLDrawable::updateMoveDamped,E:\BoxxyViewer\indra\newview\lldrawable.cpp,848,15.497729,77575,0.19977736384144376,0.042216
LLVOVolume::updateTextureVirtualSize,E:\BoxxyViewer\indra\newview\llvovolume.cpp,837,15.316009,37830,0.40486410256410255,0.128008
FTM_LOD_UPDATE,E:\BoxxyViewer\indra\newview\llappviewer.cpp,5611,15.047933,173,86.98227167630057,0.378927
LLGLSLShader::uniform4fv,E:\BoxxyViewer\indra\llrender\llglslshader.cpp,1580,13.977213,564159,0.02477530802486533,0.042231
override_bbox,E:\BoxxyViewer\indra\newview\llvoavatar.cpp,3260,13.242964,41192,0.32149359098854147,0.087884
LLHUDNameTag::updateAll,E:\BoxxyViewer\indra\newview\llhudnametag.cpp,744,12.980139,173,75.02970520231213,0.102376
LLVolumeGeometryManager::genDrawInfo,E:\BoxxyViewer\indra\newview\llvovolume.cpp,6574,12.560293,12464,1.007725689987163,0.15851
LLFace::getTextureVirtualSize,E:\BoxxyViewer\indra\newview\llface.cpp,2227,12.33956,104434,0.11815653905816113,0.007698
pushGLTFBatch,E:\BoxxyViewer\indra\newview\lldrawpool.cpp,920,12.023012,35134,0.3422044742984004,0.012782
LLPipeline::stateSort,E:\BoxxyViewer\indra\newview\pipeline.cpp,3348,11.532407,83430,0.13822853889488196,0.025407
LLDrawPoolAvatar::renderShadow,E:\BoxxyViewer\indra\newview\lldrawpoolavatar.cpp,352,10.969161,276480,0.03967433810763889,0.200858
pushRiggedGLTFBatch,E:\BoxxyViewer\indra\newview\lldrawpool.cpp,1001,10.895785,36378,0.2995157787673869,0.010727
LLDrawPoolAvatar::renderAvatars,E:\BoxxyViewer\indra\newview\lldrawpoolavatar.cpp,668,10.578806,164070,0.06447739379533127,0.023694
vb cache miss,E:\BoxxyViewer\indra\llrender\llrender.cpp,1615,10.556101,15372,0.68670966692688,0.091488
LLGLSLShader::uniformMatrix4fv,E:\BoxxyViewer\indra\llrender\llglslshader.cpp,1699,10.418087,577358,0.018044414384142938,0.107574
LLGLSLShader::uniform3fv,E:\BoxxyViewer\indra\llrender\llglslshader.cpp,1553,10.26672,649544,0.015806042392817115,0.012592
LLDrawPoolAlpha::renderPostDeferred,E:\BoxxyViewer\indra\newview\lldrawpoolalpha.cpp,147,10.238976,1499,6.83053769179453,0.051673
HUD,E:\BoxxyViewer\indra\newview\llviewerdisplay.cpp,1504,10.22042,172,59.42104651162791,0.176663
LLViewerTextureList::updateImagesFetchTextures,E:\BoxxyViewer\indra\newview\llviewertexturelist.cpp,1251,9.871714,173,57.06193063583815,0.624498
LLRenderPass::uploadMatrixPalette,E:\BoxxyViewer\indra\newview\lldrawpool.cpp,846,9.667615,330512,0.029250420559616592,0.172182
LLGLSLShader::uniform4f,E:\BoxxyViewer\indra\llrender\llglslshader.cpp,1417,9.44171,471481,0.020025642602777206,0.036967
LLGLState::~LLGLState,E:\BoxxyViewer\indra\llrender\llgl.cpp,2556,9.063063,798734,0.011346785037321562,0.048483
LLDrawable::updateXform,E:\BoxxyViewer\indra\newview\lldrawable.cpp,612,8.999099,77869,0.11556715766222758,0.062445
LLViewerTextureList::findImage,E:\BoxxyViewer\indra\newview\llviewertexturelist.cpp,684,8.855488,58824,0.15054209166326668,0.107852
vb cache hash,E:\BoxxyViewer\indra\llrender\llrender.cpp,1577,8.824444,61924,0.14250442477876107,0.186167
FTM_PROCESS_MESSAGES,E:\BoxxyViewer\indra\llmessage\lltemplatemessagereader.cpp,539,8.740065,585,14.94028205128205,0.195225
LLTexUnit::bind,E:\BoxxyViewer\indra\llrender\llrender.cpp,217,8.682261,437942,0.019825138945339795,0.093171
LLDefaultVBOPool::allocate,E:\BoxxyViewer\indra\llrender\llvertexbuffer.cpp,437,8.524622,22443,0.3798343358731008,0.08716
LLVOAvatarSelf::writeWearablesToAvatar,E:\BoxxyViewer\indra\newview\llvoavatarself.cpp,813,8.504528,172,49.444930232558136,0.096556
vb cache hit,E:\BoxxyViewer\indra\llrender\llrender.cpp,1608,8.487675,46552,0.18232675287850145,0.005575
LLPipeline::renderGeomShadow,E:\BoxxyViewer\indra\newview\pipeline.cpp,4359,8.368747,1024,8.1726044921875,0.073623
idle network,E:\BoxxyViewer\indra\newview\llappviewer.cpp,6054,8.345799,172,48.52208720930233,0.184351
rebuildGeom - face list,E:\BoxxyViewer\indra\newview\llvovolume.cpp,5975,8.220005,779,10.551996148908858,0.384448
vtluift - copy,E:\BoxxyViewer\indra\newview\llviewertexturelist.cpp,1280,8.183448,173,47.30316763005781,0.069876
UI 2D,E:\BoxxyViewer\indra\newview\llviewerdisplay.cpp,1540,7.998094,172,46.50054651162791,0.091221
LLDrawable::updateSpatialExtents,E:\BoxxyViewer\indra\newview\lldrawable.cpp,1062,7.877807,61772,0.12753038593537525,0.118421
LLDrawable::movePartition,E:\BoxxyViewer\indra\newview\lldrawable.cpp,775,7.874489,61607,0.12781808885353937,0.013867
LLUIImage::draw,E:\BoxxyViewer\indra\llrender\lluiimage.inl,44,7.823371,23392,0.3344464346785226,0.051427
LLFloater::draw,E:\BoxxyViewer\indra\llui\llfloater.cpp,2031,7.806979,516,15.129804263565891,0.065359
LLGLSLShader::getUniformLocation,E:\BoxxyViewer\indra\llrender\llglslshader.cpp,1746,7.672278,801662,0.009570464859254897,0.113311
LLRenderPass::pushUntexturedRiggedBatches,E:\BoxxyViewer\indra\newview\lldrawpool.cpp,541,7.555724,13312,0.5675874399038462,0.070417
FTM_HUD_UPDATE,E:\BoxxyViewer\indra\newview\llhudobject.cpp,264,7.480818,173,43.2417225433526,0.183765
LLGLSLShader::uniform4fv,E:\BoxxyViewer\indra\llrender\llglslshader.cpp,1598,7.471064,349298,0.02138879695847099,0.143246
LLTextureCache::getHeaderCacheEntry,E:\BoxxyViewer\indra\newview\lltexturecache.cpp,1892,7.162253,35,204.6358,4.037405
LLVolumeGeometryManager::registerFace,E:\BoxxyViewer\indra\newview\llvovolume.cpp,5585,7.059182,4848,1.456101897689769,0.024275
LLWindowWin32::swapBuffers,E:\BoxxyViewer\indra\llwindow\llwindowwin32.cpp,4106,6.977013,172,40.56402906976744,0.464058
LLDrawPoolAlpha::renderAlpha,E:\BoxxyViewer\indra\newview\lldrawpoolalpha.cpp,608,6.890667,2538,2.714998817966903,0.053043
LLAppViewer::idle,E:\BoxxyViewer\indra\newview\llappviewer.cpp,5203,6.887881,172,40.04581976744186,0.224588
LLSpatialPartition::move,E:\BoxxyViewer\indra\newview\llspatialpartition.cpp,973,6.805524,116863,0.05823506156781873,0.114111
LLHUDNameTag::renderText,E:\BoxxyViewer\indra\newview\llhudnametag.cpp,246,6.760893,7224,0.9358932724252491,0.083233
LLViewerObjectList::cleanDeadObjects,E:\BoxxyViewer\indra\newview\llviewerobjectlist.cpp,1425,6.481209,40,162.030225,0.290128
LLDrawPoolMaterials::renderDeferred,E:\BoxxyViewer\indra\newview\lldrawpoolmaterials.cpp,107,6.476275,13872,0.4668595011534026,0.092648
LLPipeline::updateMoveDampedAsync,E:\BoxxyViewer\indra\newview\pipeline.cpp,2090,6.380962,67494,0.09454117403028417,0.097418
doOcclusion - push,E:\BoxxyViewer\indra\newview\llvieweroctree.cpp,1230,6.334325,45099,0.14045377946295926,0.007194
LLVOAvatar::processAnimationStateChanges,E:\BoxxyViewer\indra\newview\llvoavatar.cpp,6369,6.084675,200,30.423375,0.187173
LLFace::getGeometryVolume,E:\BoxxyViewer\indra\newview\llface.cpp,1235,6.033178,5336,1.1306555472263866,0.204254
LLSpatialGroup::changeLOD,E:\BoxxyViewer\indra\newview\llspatialpartition.cpp,735,5.978471,376565,0.015876332107338707,0.00997
LLTextureCacheRemoteWorker::doWrite,E:\BoxxyViewer\indra\newview\lltexturecache.cpp,536,5.94769,16,371.730625,0.728984
LLTrace::AccumulatorBuffer<class LLTrace::SampleAccumulator>::reset,E:\BoxxyViewer\indra\llcommon\lltraceaccumulators.h,132,5.816941,2752,2.1137140261627905,0.062961
LLPipeline::resetDrawOrders,E:\BoxxyViewer\indra\newview\pipeline.cpp,5506,5.71235,1290,4.428178294573643,0.032294
LLStatusBar::draw,E:\BoxxyViewer\indra\newview\llstatusbar.cpp,148,5.617505,172,32.659912790697675,0.101999
vb cache clean,E:\BoxxyViewer\indra\llrender\llrender.cpp,1624,5.497006,15,366.46706666666665,0.491484
LLPolyMorphTarget::apply,E:\BoxxyViewer\indra\llappearance\llpolymorph.cpp,549,5.419668,2965,1.827881281618887,0.075132
FTM_UPDATE_HUD_EFFECTS,E:\BoxxyViewer\indra\newview\llhudmanager.cpp,61,5.158656,173,29.818820809248553,0.041068
deferred pool render,E:\BoxxyViewer\indra\newview\pipeline.cpp,4155,5.096676,5082,1.0028878394332938,0.089274
LLViewerTextureList::getImage,E:\BoxxyViewer\indra\newview\llviewertexturelist.cpp,561,5.023648,88987,0.056453729196399474,0.036717
LLMotionController::updateMotionsMinimal,E:\BoxxyViewer\indra\llcharacter\llmotioncontroller.cpp,936,4.989175,11154,0.4472991751837906,0.06591
audio update,E:\BoxxyViewer\indra\newview\llappviewer.cpp,5619,4.95761,173,28.65670520231214,0.17632
LLPipeline::stateSort,E:\BoxxyViewer\indra\newview\pipeline.cpp,3338,4.932643,54874,0.08989034879906696,0.010218
LLVolumeFace::cacheOptimize,E:\BoxxyViewer\indra\llmath\llvolume.cpp,5994,4.925905,85,57.95182352941176,2.747586
LLControlGroup::get,E:\BoxxyViewer\indra\llxml\llcontrol.h,229,4.815002,11684,0.412102191030469,0.037634
display - 2,E:\BoxxyViewer\indra\newview\llviewerdisplay.cpp,801,4.735492,173,27.37278612716763,0.092392
LLGLSLShader::setMinimumAlpha,E:\BoxxyViewer\indra\llrender\llglslshader.cpp,2035,4.671315,123058,0.037960270766630375,0.008803
FTM_PROCESS_OBJECTS,E:\BoxxyViewer\indra\newview\llviewerobjectlist.cpp,399,4.348759,220,19.767086363636366,0.140841
LLDrawPoolAvatar::render,E:\BoxxyViewer\indra\newview\lldrawpoolavatar.cpp,425,4.347543,164070,0.02649809837264582,0.007691
LLPipeline::updateCull,E:\BoxxyViewer\indra\newview\pipeline.cpp,2552,4.182825,1029,4.064941690962099,0.122764
gi - PeekMessage,E:\BoxxyViewer\indra\llwindow\llwindowwin32.cpp,2341,4.115141,172,23.925238372093023,0.652181
LLFontGL::getWidthF32,E:\BoxxyViewer\indra\llrender\llfontgl.cpp,535,4.101707,13395,0.306211795446062,0.052003
LLDrawable::makeStatic,E:\BoxxyViewer\indra\newview\lldrawable.cpp,564,4.08783,55440,0.07373430735930736,0.006272
getGeometryVolume - normal,E:\BoxxyViewer\indra\newview\llface.cpp,2056,3.977647,5268,0.7550582763857251,0.165469
LLDrawable::makeActive,E:\BoxxyViewer\indra\newview\lldrawable.cpp,500,3.91593,95056,0.04119603181282612,0.023268
FTM_GEO_UPDATE,E:\BoxxyViewer\indra\newview\pipeline.cpp,2917,3.836404,173,22.175745664739882,0.110003
LLDefaultVBOPool::free,E:\BoxxyViewer\indra\llrender\llvertexbuffer.cpp,493,3.734514,23705,0.15754119384096182,0.037247
co - query available,E:\BoxxyViewer\indra\newview\llvieweroctree.cpp,1133,3.622619,45025,0.08045794558578569,0.036574
gl_segmented_rect_3d_tex,E:\BoxxyViewer\indra\llrender\llrender2dutils.cpp,1566,3.543085,14276,0.24818471560661248,0.133409
LLCondition::signal,E:\BoxxyViewer\indra\llcommon\llmutex.cpp,348,3.457832,1633,2.117472137170851,0.020476
LLAppViewer::pingMainloopTimeout,E:\BoxxyViewer\indra\newview\llappviewer.cpp,6399,3.450173,50806,0.06790877061764358,0.013979
LLOcclusionCullingGroup::doOcclusion,E:\BoxxyViewer\indra\newview\llvieweroctree.cpp,1176,3.434005,48155,0.07131149413352715,0.004515
LLSpatialBridge::updateDistance,E:\BoxxyViewer\indra\newview\lldrawable.cpp,1606,3.431676,3631,0.9451049297714128,0.109959
LLPluginClassMedia::idle,E:\BoxxyViewer\indra\llplugin\llpluginclassmedia.cpp,176,3.39735,861,3.9458188153310103,0.122637
LLSettingsSky::blend,E:\BoxxyViewer\indra\llinventory\llsettingssky.cpp,577,3.309289,173,19.12883815028902,0.113024
LLVertexBuffer::mapVertexBuffer,E:\BoxxyViewer\indra\llrender\llvertexbuffer.cpp,1282,3.280562,42862,0.07653777238579627,0.104254
calc_light_dist,E:\BoxxyViewer\indra\newview\pipeline.cpp,5613,3.256944,87054,0.037412916121028324,0.025605
LLSpatialBridge::updateSpatialExtents,E:\BoxxyViewer\indra\newview\lldrawable.cpp,1334,3.202364,56405,0.05677447034837337,0.027215
tgd - transform,E:\BoxxyViewer\indra\newview\llface.cpp,1929,3.186128,3325,0.958233984962406,0.05344
LLPipeline::setupHWLights,E:\BoxxyViewer\indra\newview\pipeline.cpp,5825,3.123507,1990,1.5696015075376883,0.010643
LLAudioEngine::idle,E:\BoxxyViewer\indra\llaudio\llaudioengine.cpp,228,3.122359,173,18.048317919075142,0.034991
LLPipeline::renderGeomPostDeferred,E:\BoxxyViewer\indra\newview\pipeline.cpp,4217,3.090246,1038,2.977115606936416,0.015802
deferred poolrender,E:\BoxxyViewer\indra\newview\pipeline.cpp,4294,3.065552,7772,0.3944354091610911,0.011682
LLVOAvatar::getTotalGPURenderTime,E:\BoxxyViewer\indra\newview\llvoavatar.cpp,12711,3.06178,172,17.80104651162791,0.131213
LLDrawPoolAvatar::renderDeferred,E:\BoxxyViewer\indra\newview\lldrawpoolavatar.cpp,218,3.01096,107784,0.027935129518295854,0.002179
getGeometryVolume - tangent,E:\BoxxyViewer\indra\newview\llface.cpp,2074,3.0081,1710,1.759122807017544,0.241736
LLRenderPass::pushUntexturedBatches,E:\BoxxyViewer\indra\newview\lldrawpool.cpp,460,2.961184,14351,0.2063399066267159,0.008384
LLVOAvatar::getAssociatedVolumes,E:\BoxxyViewer\indra\newview\llvoavatar.cpp,11399,2.926924,214,13.677214953271028,0.076813
LLGLSLShader::uniform1i,E:\BoxxyViewer\indra\llrender\llglslshader.cpp,1302,2.894062,128746,0.02247884982834418,0.00862
LLSpatialGroup::removeObject,E:\BoxxyViewer\indra\newview\llspatialpartition.cpp,415,2.890056,2712,1.065654867256637,0.024245
LLGLDepthTest::LLGLDepthTest,E:\BoxxyViewer\indra\llrender\llgl.cpp,2792,2.88389,39106,0.07374546105456962,0.008148
LLViewerObject::processUpdateMessage,E:\BoxxyViewer\indra\newview\llviewerobject.cpp,1233,2.827526,1677,1.686062015503876,0.026428
deferred pools,E:\BoxxyViewer\indra\newview\pipeline.cpp,4107,2.799726,606,4.620009900990099,0.016293
getGeometryVolume - weight,E:\BoxxyViewer\indra\newview\llface.cpp,2101,2.747459,932,2.947917381974249,0.209967
LLVOAvatar::calculateSpatialExtents,E:\BoxxyViewer\indra\newview\llvoavatar.cpp,1648,2.745368,214,12.828822429906543,0.023632
UI updateClass,E:\BoxxyViewer\indra\newview\llviewerwindow.cpp,3557,2.743031,172,15.94785465116279,0.035294
LLPipeline::generateImpostor,E:\BoxxyViewer\indra\newview\pipeline.cpp,11473,2.734833,261,10.47828735632184,0.037171
LLGLSLShader::uniformMatrix3fv,E:\BoxxyViewer\indra\llrender\llglslshader.cpp,1657,2.716189,143282,0.018956945045434877,0.008579
LLTextureCacheRemoteWorker::doRead,E:\BoxxyViewer\indra\newview\lltexturecache.cpp,288,2.695441,19,141.86531578947367,0.282722
LLVolumeGeometryManager::rebuildMesh,E:\BoxxyViewer\indra\newview\llvovolume.cpp,6438,2.681705,299748,0.008946531753339471,0.003138
LLMeshRepoThread::fetchMeshLOD,E:\BoxxyViewer\indra\newview\llmeshrepository.cpp,2035,2.674439,33,81.04360606060607,0.193396
df JoystickKeyboard,E:\BoxxyViewer\indra\newview\llappviewer.cpp,1441,2.671969,172,15.534703488372093,0.372851
LLTrace::PeriodicRecording::getPeriodMeanPerSec,E:\BoxxyViewer\indra\llcommon\lltracerecording.h,552,2.623419,1035,2.534704347826087,0.008765
renderDeferredLighting - projectors,E:\BoxxyViewer\indra\newview\pipeline.cpp,8939,2.602985,271,9.60511070110701,0.23154
LLVolumeImplFlexible::updateClass,E:\BoxxyViewer\indra\newview\llflexibleobject.cpp,95,2.573326,173,14.87471676300578,0.038755
LLDrawable::getSpatialPartition,E:\BoxxyViewer\indra\newview\lldrawable.cpp,1198,2.550959,62630,0.040730624301452974,0.011641
LLGLSLShader::uniform4f,E:\BoxxyViewer\indra\llrender\llglslshader.cpp,1901,2.460099,24725,0.09949844287158746,0.002167
LLVolumeGeometryManager::rebuildGeom,E:\BoxxyViewer\indra\newview\llvovolume.cpp,5899,2.434443,779,3.12508729139923,0.031961
LLSDXMLParser::doParse,E:\BoxxyViewer\indra\llcommon\llsdserialize_xml.cpp,1008,2.42694,127,19.109763779527558,0.039573
df mainloop,E:\BoxxyViewer\indra\newview\llappviewer.cpp,1422,2.415589,172,14.044122093023256,0.0416
display - 1,E:\BoxxyViewer\indra\newview\llviewerdisplay.cpp,730,2.410043,172,14.011877906976745,0.031548
LLReflectionMapManager::updateUniforms,E:\BoxxyViewer\indra\newview\llreflectionmapmanager.cpp,1101,2.40461,606,3.9680033003300332,0.118994
LLViewerTexture::addTextureStats,E:\BoxxyViewer\indra\newview\llviewertexture.cpp,872,2.394306,55078,0.043471186317585966,0.002967
df suspend,E:\BoxxyViewer\indra\newview\llappviewer.cpp,1429,2.344605,172,13.63142441860465,0.124804
LLVOVolume::updateRiggedVolume,E:\BoxxyViewer\indra\newview\llvovolume.cpp,5218,2.322002,43622,0.0532300673971849,0.000952
rmdo - glGetQueryObject,E:\BoxxyViewer\indra\newview\llreflectionmap.cpp,351,2.309554,14878,0.15523282699287538,0.024993
FTM_FRAME,E:\BoxxyViewer\indra\newview\llappviewer.cpp,1347,2.242391,170,13.190535294117648,0.064276
renderDeferredLighting - fullscreen lights,E:\BoxxyViewer\indra\newview\pipeline.cpp,8981,2.24006,345,6.492927536231884,0.043472
update rig info - get key,E:\BoxxyViewer\indra\newview\llvoavatar.cpp,11469,2.208885,214,10.321892523364486,0.026852
LLGLSLShader::uniform3fv,E:\BoxxyViewer\indra\llrender\llglslshader.cpp,1952,2.193006,17397,0.12605656147611657,0.018036
LLViewerLODTexture::processTextureStats,E:\BoxxyViewer\indra\newview\llviewertexture.cpp,3188,2.178665,43932,0.0495917554402258,0.013411
LLViewerFetchedTexture::updateFetch,E:\BoxxyViewer\indra\newview\llviewertexture.cpp,2140,2.175564,48097,0.045232841965195336,0.034025
doOcclusion - render,E:\BoxxyViewer\indra\newview\llvieweroctree.cpp,1207,2.158488,45099,0.047861105567750944,0.004851
stateSort,E:\BoxxyViewer\indra\newview\pipeline.cpp,3304,2.130811,1290,1.651791472868217,0.025798
rmmsu - update buffer,E:\BoxxyViewer\indra\newview\llreflectionmapmanager.cpp,1310,2.07516,606,3.4243564356435643,0.044657
glBeginQuery,E:\BoxxyViewer\indra\newview\llvieweroctree.cpp,1236,2.05228,45099,0.045506108782899846,0.027374
LLDrawPoolWLSky::renderDeferred,E:\BoxxyViewer\indra\newview\lldrawpoolwlsky.cpp,473,2.048252,345,5.936962318840579,0.028811
LLCore::HttpService::threadRun,E:\BoxxyViewer\indra\llcorehttp\_httpservice.cpp,294,2.046801,1725,1.1865513043478262,0.029002
LLVertexBuffer::destroyGLBuffer,E:\BoxxyViewer\indra\llrender\llvertexbuffer.cpp,1178,2.024891,20909,0.09684303410014826,0.027705
"LLThreadSafeQueue<class std::function<void __cdecl(void)>,class std::queue<class std::function<void __cdecl(void)>,class std::deque<class std::function<void __cdecl(void)>,class std::allocator<class std::function<void __cdecl(void)> > > > >::tryLock",E:\BoxxyViewer\indra\llcommon\llthreadsafequeue.h,278,2.004542,1922,1.0429458896982309,0.122102
voiceConnectionCoroLoop,E:\BoxxyViewer\indra\newview\llvoicewebrtc.cpp,626,1.992388,43,46.33460465116279,0.096704
getGeometryVolume - indices,E:\BoxxyViewer\indra\newview\llface.cpp,1437,1.972397,4668,0.42253577549271637,0.078646
"LLThreadSafeQueue<class std::function<void __cdecl(void)>,class std::queue<class std::function<void __cdecl(void)>,class std::deque<class std::function<void __cdecl(void)>,class std::allocator<class std::function<void __cdecl(void)> > > > >::push_",E:\BoxxyViewer\indra\llcommon\llthreadsafequeue.h,309,1.942813,974,1.9946745379876798,0.031489
Exact OIT queue stats,E:\BoxxyViewer\indra\newview\fsexactoit.cpp,1277,1.921589,172,11.172029069767444,0.702569
LLControlGroup::get,E:\BoxxyViewer\indra\llxml\llcontrol.h,229,1.912313,3622,0.5279715626725566,0.102527
render_hud_elements,E:\BoxxyViewer\indra\newview\pipeline.cpp,3919,1.90633,344,5.541656976744186,0.043172
LLRenderPass::pushBatches,E:\BoxxyViewer\indra\newview\lldrawpool.cpp,435,1.904145,19131,0.09953191155715854,0.031226
LLPipeline::rebuildPriorityGroups,E:\BoxxyViewer\indra\newview\pipeline.cpp,2888,1.898017,1118,1.6976896243291593,0.01993
LLPipeline::updateMoveNormalAsync,E:\BoxxyViewer\indra\newview\pipeline.cpp,2121,1.894471,10764,0.17600065031586773,0.009588
LLTrace::PeriodicRecording::getPeriodMin,E:\BoxxyViewer\indra\llcommon\lltracerecording.cpp,719,1.890293,6020,0.31400215946843857,0.039089
LLGLSLShader::disableTexture,E:\BoxxyViewer\indra\llrender\llglslshader.cpp,1255,1.885434,122181,0.015431482800108035,0.006863
LLTextureCache::updateEntry,E:\BoxxyViewer\indra\newview\lltexturecache.cpp,1278,1.878153,16,117.3845625,0.245334
LLDrawPoolAvatar::renderPostDeferred,E:\BoxxyViewer\indra\newview\lldrawpoolavatar.cpp,258,1.815634,56286,0.032257293110187255,0.005481
LLMutex::lock,E:\BoxxyViewer\indra\llcommon\llmutex.cpp,49,1.73902,19082,0.09113405303427313,0.011061
unmapBuffer - vertex,E:\BoxxyViewer\indra\llrender\llvertexbuffer.cpp,1484,1.710406,7227,0.2366688805866888,0.008633
FTM_RENDER_BLOOM,E:\BoxxyViewer\indra\newview\pipeline.cpp,8128,1.704753,172,9.91135465116279,0.034144
co - query result,E:\BoxxyViewer\indra\newview\llvieweroctree.cpp,1145,1.685641,45025,0.03743789006107718,0.026796
LLGLSLShader::uniform3f,E:\BoxxyViewer\indra\llrender\llglslshader.cpp,1884,1.582517,23253,0.06805646583236571,0.007872
LLViewerDynamicTexture::updateAllInstances,E:\BoxxyViewer\indra\newview\lldynamictexture.cpp,186,1.576314,173,9.11164161849711,0.056349
ImageRequest::processRequest,E:\BoxxyViewer\indra\llimage\llimageworker.cpp,159,1.552892,18,86.27177777777779,0.17606
deferred,E:\BoxxyViewer\indra\newview\pipeline.cpp,8635,1.551719,345,4.4977362318840575,0.022738
LLCore::HttpOpRequest::writeCallback,E:\BoxxyViewer\indra\llcorehttp\_httpoprequest.cpp,795,1.537966,140,10.98547142857143,0.048021
Emissives,E:\BoxxyViewer\indra\newview\lldrawpoolalpha.cpp,572,1.533548,10596,0.1447289543223858,0.022807
LLPipeline::renderDeferredLighting,E:\BoxxyViewer\indra\newview\pipeline.cpp,8602,1.524323,344,4.431171511627907,0.014332
pushRiggedGLTFBatch,E:\BoxxyViewer\indra\newview\lldrawpool.cpp,1020,1.512259,9396,0.16094710515112814,0.009185
LLSettingsBlender::update,E:\BoxxyViewer\indra\llinventory\llsettingsbase.cpp,752,1.512245,346,4.370650289017341,0.013762
LLHandMotion::onUpdate,E:\BoxxyViewer\indra\llcharacter\llhandmotion.cpp,124,1.503272,2800,0.5368828571428571,0.006204
LLFolderView::filter,E:\BoxxyViewer\indra\llui\llfolderview.cpp,348,1.465871,521,2.8135719769673706,0.008302
LLRenderPass::pushMaskBatches,E:\BoxxyViewer\indra\newview\lldrawpool.cpp,561,1.459682,7733,0.1887601189706453,0.007977
LLEnvironment::updateShaderUniforms,E:\BoxxyViewer\indra\newview\llenvironment.cpp,1722,1.44226,26059,0.05534594573851644,0.002363
LLPipeline::doOcclusion,E:\BoxxyViewer\indra\newview\pipeline.cpp,2694,1.409322,173,8.146369942196532,0.019694
LLViewerWindow::updateLayout,E:\BoxxyViewer\indra\newview\llviewerwindow.cpp,3993,1.390115,172,8.082063953488372,0.038879
LLGLDepthTest::~LLGLDepthTest,E:\BoxxyViewer\indra\llrender\llgl.cpp,2825,1.384059,39105,0.03539340237821251,0.066201
LLTextBase::reflow,E:\BoxxyViewer\indra\llui\lltextbase.cpp,1834,1.354562,20126,0.06730408426910464,0.005197
LLVolume::unpackVolumeFaces,E:\BoxxyViewer\indra\llmath\llvolume.cpp,2382,1.349039,33,40.879969696969695,0.372619
LLFontWidthBuffer::getWidth,E:\BoxxyViewer\indra\llrender\llfontvertexbuffer.cpp,273,1.339489,19382,0.06910994737385202,0.002548
Exact OIT conditional fallback submission,E:\BoxxyViewer\indra\newview\fsexactoit.cpp,1588,1.32241,172,7.688430232558139,0.023054
ARC - face list,E:\BoxxyViewer\indra\newview\llvovolume.cpp,4365,1.317275,3490,0.3774426934097421,0.02876
LLGLSLShader::unbind,E:\BoxxyViewer\indra\llrender\llglslshader.cpp,1112,1.278387,39429,0.03242250627710568,0.00642
LLDrawPoolAvatar::getModelView,E:\BoxxyViewer\indra\newview\lldrawpoolavatar.cpp,146,1.268973,20418,0.06214972083455774,0.001012
LLViewerFetchedTexture::updateVirtualSize,E:\BoxxyViewer\indra\newview\llviewertexture.cpp,1821,1.244772,44294,0.028102496952183142,0.008012
LLPipeline::renderAlphaObjects,E:\BoxxyViewer\indra\newview\pipeline.cpp,6970,1.240586,2048,0.6057548828125,0.020026
LLVOAvatar::updateTooSlow,E:\BoxxyViewer\indra\newview\llvoavatar.cpp,9262,1.236857,15538,0.07960207233878233,0.011795
LLRenderPass::pushRiggedBatches,E:\BoxxyViewer\indra\newview\lldrawpool.cpp,513,1.227293,16407,0.07480301090997744,0.016375
LLPipeline::rebuildPools,E:\BoxxyViewer\indra\newview\pipeline.cpp,5129,1.225622,173,7.084520231213872,0.014645
LLOcclusionCullingGroup::earlyFail,E:\BoxxyViewer\indra\newview\llvieweroctree.cpp,1060,1.221341,45208,0.027016036984604495,0.009512
LLControlGroup::get,E:\BoxxyViewer\indra\llxml\llcontrol.h,229,1.216098,21843,0.05567449526163988,0.002543
update_statistics,E:\BoxxyViewer\indra\newview\llviewerstats.cpp,463,1.199498,172,6.973825581395349,0.024831
LLSpatialPartition::put,E:\BoxxyViewer\indra\newview\llspatialpartition.cpp,930,1.181182,1355,0.871721033210332,0.011504
LLVOAvatar::accountRenderComplexityForObject,E:\BoxxyViewer\indra\newview\llvoavatar.cpp,12178,1.114212,212,5.255716981132076,0.052259
LLViewerRegion::idleUpdate,E:\BoxxyViewer\indra\newview\llviewerregion.cpp,1615,1.10957,173,6.413699421965318,0.013452
LLPipeline::renderShadow,E:\BoxxyViewer\indra\newview\pipeline.cpp,9821,1.102506,1024,1.076666015625,0.003171
FTM_UPDATE_CAMERA,E:\BoxxyViewer\indra\newview\llagentcamera.cpp,1212,1.087414,173,6.285630057803468,0.016952
doOcclusion - draw,E:\BoxxyViewer\indra\newview\llvieweroctree.cpp,1269,1.086053,45099,0.024081531741280294,0.00587
LLHUDNameTag::render,E:\BoxxyViewer\indra\newview\llhudnametag.cpp,231,1.057752,7224,0.14642192691029898,0.005975
LLTextBase::appendTextImpl,E:\BoxxyViewer\indra\llui\lltextbase.cpp,2446,1.051829,312,3.371246794871795,0.023085
ggv - texgen 1,E:\BoxxyViewer\indra\newview\llface.cpp,1717,1.049891,1929,0.5442669777086574,0.084517
LLFolderView::update,E:\BoxxyViewer\indra\llui\llfolderview.cpp,1734,1.036386,521,1.9892245681381957,0.008716
shadow simple,E:\BoxxyViewer\indra\newview\pipeline.cpp,9909,1.013741,2048,0.49499072265625,0.002851
LLMeshRepository::notifyLoadedMeshes,E:\BoxxyViewer\indra\newview\llmeshrepository.cpp,4565,1.004774,1118,0.8987245080500894,0.01216
mesh_thread_loop,E:\BoxxyViewer\indra\newview\llmeshrepository.cpp,1027,1.003206,1118,0.8973220035778176,0.024899
LLSpatialGroup::handleChildAddition,E:\BoxxyViewer\indra\newview\llspatialpartition.cpp,816,0.998765,908,1.0999614537444933,0.004318
vbo pool miss,E:\BoxxyViewer\indra\llrender\llvertexbuffer.cpp,452,0.994593,106,9.382952830188678,0.072309
tfwdw - WAIT_HTTP_REQ,E:\BoxxyViewer\indra\newview\lltexturefetch.cpp,1515,0.984981,113,8.716646017699116,0.108699
LLReflectionMapManager::getReflectionMaps,E:\BoxxyViewer\indra\newview\llreflectionmapmanager.cpp,603,0.964617,606,1.5917772277227722,0.043358
FTM_AGENT_POSITION,E:\BoxxyViewer\indra\newview\llappviewer.cpp,5470,0.963829,172,5.603656976744186,0.009986
"LLThreadSafeQueue<struct tagMSG,class std::queue<struct tagMSG,class std::deque<struct tagMSG,class std::allocator<struct tagMSG> > > >::tryLock",E:\BoxxyViewer\indra\llcommon\llthreadsafequeue.h,278,0.962221,282,3.412131205673759,0.076369
LLDrawPoolWaterExclusion::render,E:\BoxxyViewer\indra\newview\lldrawpoolwaterexclusion.cpp,45,0.944013,1039,0.9085784408084697,0.010108
LLSD::operator [],E:\BoxxyViewer\indra\llcommon\llsd.cpp,1138,0.917539,4906,0.18702384834896046,0.002535
rmdo - push query,E:\BoxxyViewer\indra\newview\llreflectionmap.cpp,370,0.890189,14878,0.059832571582201906,0.002106
LLTrace::AccumulatorBuffer<class LLTrace::SampleAccumulator>::addSamples,E:\BoxxyViewer\indra\llcommon\lltraceaccumulators.h,112,0.884446,2580,0.34280852713178295,0.004804
"LLThreadSafeQueue<class std::function<void __cdecl(void)>,class std::queue<class std::function<void __cdecl(void)>,class std::deque<class std::function<void __cdecl(void)>,class std::allocator<class std::function<void __cdecl(void)> > > > >::pop_",E:\BoxxyViewer\indra\llcommon\llthreadsafequeue.h,424,0.881461,3256,0.27071898034398034,0.009909
LLReflectionMapManager::update,E:\BoxxyViewer\indra\newview\llreflectionmapmanager.cpp,213,0.880473,172,5.119029069767442,0.011148
LLGLSLShader::uniform2f,E:\BoxxyViewer\indra\llrender\llglslshader.cpp,1363,0.875101,69327,0.01262280208288257,0.011466
LLGLSLShader::uniform3f,E:\BoxxyViewer\indra\llrender\llglslshader.cpp,1390,0.865459,60321,0.014347557235456972,0.012628
LLDrawable::updateGeometry,E:\BoxxyViewer\indra\newview\lldrawable.cpp,984,0.864827,5493,0.15744165301292554,0.011212
LLVOVolume::updateSpotLightPriority,E:\BoxxyViewer\indra\newview\llvovolume.cpp,3418,0.863399,6920,0.12476864161849711,0.006178
LLMutex::unlock,E:\BoxxyViewer\indra\llcommon\llmutex.cpp,81,0.862853,24415,0.035341101781691586,0.005063
LLMeshRepository::getCostData,E:\BoxxyViewer\indra\newview\llmeshrepository.cpp,5631,0.857436,5902,0.1452788885123687,0.001532
LLTrace::PeriodicRecording::getPeriodMinPerSec,E:\BoxxyViewer\indra\llcommon\lltracerecording.h,409,0.851596,344,2.475569767441861,0.038683
LLCore::HttpOpRequest::visitNotifier,E:\BoxxyViewer\indra\llcorehttp\_httpoprequest.cpp,256,0.844142,42,20.098619047619046,0.040145
GLTF Materials Cleanup,E:\BoxxyViewer\indra\newview\llviewerdisplay.cpp,875,0.835472,173,4.8293179190751445,0.00681
FTM_HUD_EFFECTS,E:\BoxxyViewer\indra\newview\llappviewer.cpp,5517,0.816906,173,4.722,0.016315
LLVOVolume::updateGeometry,E:\BoxxyViewer\indra\newview\llvovolume.cpp,2211,0.815537,1636,0.4984944987775061,0.047109
LLEyeMotion::onUpdate,E:\BoxxyViewer\indra\llcharacter\llheadrotmotion.cpp,462,0.814873,560,1.455130357142857,0.031943
vbo cache timeout,E:\BoxxyViewer\indra\llrender\llvertexbuffer.cpp,551,0.810658,40,20.26645,0.167376
LLSDBinaryParser::doParse,E:\BoxxyViewer\indra\llcommon\llsdserialize.cpp,954,0.805562,1945,0.4141706940874036,0.027276
LLEnvironment::update,E:\BoxxyViewer\indra\newview\llenvironment.cpp,1641,0.797117,345,2.3104840579710144,0.00386
LLDrawPoolTerrain::renderDeferred,E:\BoxxyViewer\indra\newview\lldrawpoolterrain.cpp,137,0.780089,345,2.2611275362318843,0.09525
LLGLSLShader::uniformMatrix4fv,E:\BoxxyViewer\indra\llrender\llglslshader.cpp,2005,0.773022,6261,0.12346621945376138,0.001656
LLMutex::trylock,E:\BoxxyViewer\indra\llcommon\llmutex.cpp,127,0.758354,5333,0.14220026251640727,0.014883
LLTrace::PeriodicRecording::getPeriodMean,E:\BoxxyViewer\indra\llcommon\lltracerecording.cpp,764,0.750449,6020,0.1246593023255814,0.001126
LLDrawPoolBump::beginFullbrightShiny,E:\BoxxyViewer\indra\newview\lldrawpoolbump.cpp,284,0.743652,1850,0.40197405405405406,0.002152
send_agent_update,E:\BoxxyViewer\indra\newview\llviewermessage.cpp,3221,0.739322,172,4.298383720930233,0.055826
LLOcclusionCullingGroup::releaseOcclusionQueryObjectName,E:\BoxxyViewer\indra\newview\llvieweroctree.cpp,824,0.73885,45397,0.016275304535541994,0.001994
LLReflectionMapManager::updateProbeFace,E:\BoxxyViewer\indra\newview\llreflectionmapmanager.cpp,785,0.72319,172,4.204593023255814,0.011162
LLTrace::AccumulatorBuffer<class LLTrace::TimeBlockAccumulator>::addSamples,E:\BoxxyViewer\indra\llcommon\lltraceaccumulators.h,112,0.718593,1376,0.5222332848837209,0.007337
LLVertexBuffer::genBuffer,E:\BoxxyViewer\indra\llrender\llvertexbuffer.cpp,1099,0.706722,19648,0.035969157166123776,0.039525
LLThread::currentID,E:\BoxxyViewer\indra\llcommon\llthread.cpp,460,0.684035,49486,0.013822798367214971,0.00591
getGeometryVolume - color,E:\BoxxyViewer\indra\newview\llface.cpp,2109,0.673299,4718,0.1427085629504027,0.050218
LLTrace::PeriodicRecording::getPeriodMax,E:\BoxxyViewer\indra\llcommon\lltracerecording.cpp,741,0.664609,6020,0.1104001661129568,0.05282
Render,E:\BoxxyViewer\indra\newview\llviewerdisplay.cpp,419,0.646275,172,3.7574127906976744,0.005478
`anonymous-namespace'::RecordToFile::recordMessage,E:\BoxxyViewer\indra\llcommon\llerror.cpp,172,0.646024,44,14.682363636363636,0.028851
process_avatar_animation,E:\BoxxyViewer\indra\newview\llviewermessage.cpp,4017,0.641571,194,3.3070670103092783,0.046174
LLCore::HttpLibcurl::processTransport,E:\BoxxyViewer\indra\llcorehttp\_httplibcurl.cpp,147,0.639013,1726,0.37022769409038236,0.009305
LLDrawPoolAvatar::isDead,E:\BoxxyViewer\indra\newview\lldrawpoolavatar.cpp,118,0.623436,15570,0.04004084778420039,0.003465
LLTrace::AccumulatorBuffer<class LLTrace::TimeBlockAccumulator>::reset,E:\BoxxyViewer\indra\llcommon\lltraceaccumulators.h,132,0.617085,2752,0.2242314680232558,0.008635
LLDrawPoolAvatar::beginShadowPass,E:\BoxxyViewer\indra\newview\lldrawpoolavatar.cpp,281,0.616396,6144,0.10032486979166667,0.00094
LLFace::genVolumeBBoxes,E:\BoxxyViewer\indra\newview\llface.cpp,812,0.601343,5323,0.11297069321811008,0.005695
`anonymous-namespace'::writeToRecorders,E:\BoxxyViewer\indra\llcommon\llerror.cpp,1265,0.597005,44,13.568295454545455,0.021023
LLVOAvatar::performPartialComplexityUpdate,E:\BoxxyViewer\indra\newview\llvoavatar.cpp,11942,0.592397,98,6.0448673469387755,0.01367
LLVOVolume::setVolume,E:\BoxxyViewer\indra\newview\llvovolume.cpp,1162,0.571109,682,0.8374032258064515,0.008463
LLSettingsVOWater::applySpecial,E:\BoxxyViewer\indra\newview\llsettingsvo.cpp,1065,0.567684,345,1.6454608695652173,0.059937
Exact OIT GPU scheduled finish,E:\BoxxyViewer\indra\newview\fsexactoit.cpp,1540,0.567523,172,3.2995523255813954,0.004981
LLPipeline::doWaterHaze,E:\BoxxyViewer\indra\newview\pipeline.cpp,9271,0.558787,867,0.6445063437139562,0.01298
LLTrace::AccumulatorBuffer<class LLTrace::CountAccumulator>::addSamples,E:\BoxxyViewer\indra\llcommon\lltraceaccumulators.h,112,0.552018,2580,0.21396046511627906,0.001408
LLGLSLShader::uniform4fv,E:\BoxxyViewer\indra\llrender\llglslshader.cpp,1969,0.548363,4702,0.1166233517652063,0.004016
Render Cube Face,E:\BoxxyViewer\indra\newview\llviewerdisplay.cpp,1160,0.545982,172,3.174313953488372,0.006307
LLCharacter::updateMotions,E:\BoxxyViewer\indra\llcharacter\llcharacter.cpp,175,0.54363,15538,0.03498712833054447,0.001357
LLDrawPoolAvatar::prerender,E:\BoxxyViewer\indra\newview\lldrawpoolavatar.cpp,137,0.534212,37976,0.014067095007373078,0.000897
LLReflectionMap::doOcclusion,E:\BoxxyViewer\indra\newview\llreflectionmap.cpp,319,0.528961,16781,0.031521423037959594,0.002264
LLTextureFetch::commonUpdate,E:\BoxxyViewer\indra\newview\lltexturefetch.cpp,2959,0.527009,172,3.0640058139534885,0.017841
LLCore::HttpOpRequest::prepareRequest,E:\BoxxyViewer\indra\llcorehttp\_httpoprequest.cpp,472,0.526987,43,12.255511627906976,0.040282
lllog,E:\BoxxyViewer\indra\newview\llvovolume.cpp,1644,0.524286,48782,0.010747529826575375,0.005229
LLVOSky::updateGeometry,E:\BoxxyViewer\indra\newview\llvosky.cpp,982,0.523194,345,1.5165043478260871,0.00701
glEndQuery,E:\BoxxyViewer\indra\newview\llvieweroctree.cpp,1282,0.518966,45099,0.011507261801813787,0.002057
LLTrace::PeriodicRecording::getPeriodMedian,E:\BoxxyViewer\indra\llcommon\lltracerecording.cpp,787,0.516632,172,3.003674418604651,0.00527
`anonymous-namespace'::ImplMap::has,E:\BoxxyViewer\indra\llcommon\llsd.cpp,502,0.514617,9116,0.056452062308029835,0.00439
LLGLTFMaterialList::applyQueuedOverrides,E:\BoxxyViewer\indra\newview\llgltfmateriallist.cpp,271,0.514167,4888,0.10518964811783961,0.000826
LLTrace::AccumulatorBuffer<class LLTrace::EventAccumulator>::addSamples,E:\BoxxyViewer\indra\llcommon\lltraceaccumulators.h,112,0.514151,2580,0.19928333333333334,0.006108
LLVertexBuffer::mapIndexBuffer,E:\BoxxyViewer\indra\llrender\llvertexbuffer.cpp,1324,0.513151,5723,0.0896646863533112,0.001228
LLTrace::SampleAccumulator::sample,E:\BoxxyViewer\indra\llcommon\lltraceaccumulators.h,338,0.509766,3633,0.14031544178364988,0.001392
LLVOAvatar::calculateUpdateRenderComplexity,E:\BoxxyViewer\indra\newview\llvoavatar.cpp,11988,0.506082,699,0.7240085836909872,0.011995
LLViewerRegion::applyCacheMiscExtras,E:\BoxxyViewer\indra\newview\llviewerregion.cpp,3882,0.498264,4888,0.10193617021276596,0.001635
genDrawInfo - allocate,E:\BoxxyViewer\indra\newview\llvovolume.cpp,6774,0.496233,2661,0.1864836527621195,0.041603
LL::WorkQueueBase::runUntil,E:\BoxxyViewer\indra\llcommon\workqueue.cpp,117,0.482871,1290,0.3743186046511628,0.004628
LLViewerObject::recursiveGetScaledSurfaceArea,E:\BoxxyViewer\indra\newview\llviewerobject.cpp,4271,0.482798,212,2.2773490566037737,0.04037
Update Camera,E:\BoxxyViewer\indra\newview\llviewerdisplay.cpp,207,0.477615,345,1.384391304347826,0.004905
LL::GLTFSceneManager::render,E:\BoxxyViewer\indra\newview\gltfscenemanager.cpp,603,0.477192,19688,0.0242377082486794,0.000869
LLViewerTexture::reorganizeFaceList,E:\BoxxyViewer\indra\newview\llviewertexture.cpp,1002,0.472921,44982,0.010513560979947534,0.007944
LLSD::Impl::makeMap,E:\BoxxyViewer\indra\llcommon\llsd.cpp,872,0.472491,2304,0.20507421875,0.004543
LLOcclusionCullingGroup::getNewOcclusionQueryObjectName,E:\BoxxyViewer\indra\newview\llvieweroctree.cpp,801,0.472018,45406,0.010395498392282957,0.012266
LLDefaultVBOPool::clean,E:\BoxxyViewer\indra\llrender\llvertexbuffer.cpp,535,0.468255,45,10.405666666666667,0.024534
LLMeshCostData::init,E:\BoxxyViewer\indra\newview\llmeshrepository.cpp,5479,0.464909,6441,0.0721796304921596,0.000901
LLVOVolume::getRenderCost,E:\BoxxyViewer\indra\newview\llvovolume.cpp,4240,0.463169,3490,0.1327131805157593,0.001217
LLDrawPoolBump::renderBump,E:\BoxxyViewer\indra\newview\lldrawpoolbump.cpp,518,0.459406,1850,0.24832756756756758,0.00144
LLPipeline::updateMove,E:\BoxxyViewer\indra\newview\pipeline.cpp,2193,0.458507,173,2.650329479768786,0.035833
media misc,E:\BoxxyViewer\indra\newview\llviewermedia.cpp,717,0.45125,172,2.623546511627907,0.006694
LLVOVolume::genBBoxes,E:\BoxxyViewer\indra\newview\llvovolume.cpp,1913,0.45032,1544,0.2916580310880829,0.003812
LLViewerWindow::setup3DViewport,E:\BoxxyViewer\indra\newview\llviewerwindow.cpp,5887,0.44457,15483,0.028713427630304204,0.001282
LLMotionController::updateLoadingMotions,E:\BoxxyViewer\indra\llcharacter\llmotioncontroller.cpp,781,0.441361,15538,0.02840526451280731,0.011881
LLViewerJointMesh::updateFaceData,E:\BoxxyViewer\indra\newview\llviewerjointmesh.cpp,342,0.43834,403,1.0876923076923075,0.016035
LL::WorkQueueBase::runFor,E:\BoxxyViewer\indra\llcommon\workqueue.h,171,0.436886,1290,0.33867131782945736,0.006688
LLPipeline::renderDebug,E:\BoxxyViewer\indra\newview\pipeline.cpp,4502,0.429416,866,0.4958614318706697,0.016119
genDrawInfo - sort,E:\BoxxyViewer\indra\newview\llvovolume.cpp,6584,0.422091,12464,0.03386481065468549,0.016081
LLViewerTexture::updateClass,E:\BoxxyViewer\indra\newview\llviewertexture.cpp,488,0.420972,173,2.433364161849711,0.003568
FTM_MEDIA_UPDATE_VOLUME,E:\BoxxyViewer\indra\newview\llviewermedia.cpp,2156,0.419589,688,0.6098677325581395,0.001908
rebuildMesh - gen draw info,E:\BoxxyViewer\indra\newview\llvovolume.cpp,6443,0.417423,742,0.5625646900269542,0.006072
LLRenderPass::pushRiggedGLTFBatches,E:\BoxxyViewer\indra\newview\lldrawpool.cpp,992,0.413704,3019,0.1370334547863531,0.002377
LLPerfStats::StatsRecorder::doUpd,E:\BoxxyViewer\indra\newview\llperfstats.h,273,0.413592,1721,0.2403207437536316,0.001611
vftuf - priority <= 0,E:\BoxxyViewer\indra\newview\llviewertexture.cpp,2253,0.413493,4826,0.08568027351844178,0.002088
LLViewerTexture::reorganizeVolumeList,E:\BoxxyViewer\indra\newview\llviewertexture.cpp,1026,0.412305,44982,0.009165999733226623,0.003085
LLRenderPass::pushGLTFBatches,E:\BoxxyViewer\indra\newview\lldrawpool.cpp,915,0.408724,3363,0.12153553374962832,0.006268
LLViewerWindow::cubeSnapshot,E:\BoxxyViewer\indra\newview\llviewerwindow.cpp,5620,0.402383,172,2.339436046511628,0.003695
LLDrawPoolBump::renderDeferred,E:\BoxxyViewer\indra\newview\lldrawpoolbump.cpp,543,0.394221,578,0.6820432525951557,0.002271
LLPipeline::doAtmospherics,E:\BoxxyViewer\indra\newview\pipeline.cpp,9206,0.390532,867,0.4504405997693195,0.003365
LLUIImageList::getUIImage,E:\BoxxyViewer\indra\newview\llviewertexturelist.cpp,1644,0.382604,192,1.9927291666666667,0.003429
Network,E:\BoxxyViewer\indra\newview\llappviewer.cpp,5372,0.382323,172,2.2228081395348838,0.004081
LLWindowWin32::LLWindowWin32Thread::run,E:\BoxxyViewer\indra\llwindow\llwindowwin32.cpp,5558,0.380915,110,3.4628636363636365,0.005633
doOcclusion - set state,E:\BoxxyViewer\indra\newview\llvieweroctree.cpp,1289,0.372515,45099,0.008259939244772613,0.002007
renderDeferredLighting - soften shadow,E:\BoxxyViewer\indra\newview\pipeline.cpp,8695,0.368841,173,2.1320289017341043,0.004044
LLTextureFetchWorker::endWork,E:\BoxxyViewer\indra\newview\lltexturefetch.cpp,2066,0.367714,14,26.265285714285714,0.042568
LLViewerMediaImpl::calculateInterest,E:\BoxxyViewer\indra\newview\llviewermedia.cpp,3751,0.366625,688,0.5328851744186046,0.00384
unmapBuffer - index,E:\BoxxyViewer\indra\llrender\llvertexbuffer.cpp,1518,0.36643,3539,0.10354054817745126,0.002929
LLGLSLShader::bindTexture,E:\BoxxyViewer\indra\llrender\llglslshader.cpp,1159,0.359912,3619,0.09945067698259187,0.004768
LLVOVolume::getCostData,E:\BoxxyViewer\indra\newview\llvovolume.cpp,4566,0.357265,3490,0.10236819484240688,0.001553
shadow alpha,E:\BoxxyViewer\indra\newview\pipeline.cpp,9935,0.356428,1024,0.34807421875,0.002504
LLEventPolling::Details::LLEventPollImpl::handleMessage,E:\BoxxyViewer\indra\newview\lleventpoll.cpp,101,0.355999,23,15.478217391304348,0.021016
LLViewerTexture::bindDefaultImage,E:\BoxxyViewer\indra\newview\llviewertexture.cpp,832,0.353057,4243,0.08320928588263021,0.001373
LLTextureFetchWorker::doWork,E:\BoxxyViewer\indra\newview\lltexturefetch.cpp,1039,0.35148,210,1.6737142857142857,0.089595
renderDeferredLighting - atmospherics,E:\BoxxyViewer\indra\newview\pipeline.cpp,8772,0.346537,345,1.0044550724637682,0.007629
LLViewerObject::unpackParticleSource,E:\BoxxyViewer\indra\newview\llviewerobject.cpp,6447,0.34647,312,1.1104807692307692,0.004274
LLDrawPoolMaterials::beginDeferredPass,E:\BoxxyViewer\indra\newview\lldrawpoolmaterials.cpp,55,0.345079,13872,0.024875937139561707,0.00638
LLDrawPoolMaterials::endDeferredPass,E:\BoxxyViewer\indra\newview\lldrawpoolmaterials.cpp,98,0.340401,13872,0.02453871107266436,0.026186
LLSettingsVOSky::updateSettings,E:\BoxxyViewer\indra\newview\llsettingsvo.cpp,660,0.340102,173,1.965907514450867,0.003332
LLDrawPoolTerrain::beginShadowPass,E:\BoxxyViewer\indra\newview\lldrawpoolterrain.cpp,157,0.332376,1024,0.3245859375,0.001782
LLCore::HttpOpRequest::sslCertVerifyCallback,E:\BoxxyViewer\indra\llcorehttp\_httpoprequest.cpp,1052,0.3295,1,329.5,0.3295
LLSD::operator [],E:\BoxxyViewer\indra\llcommon\llsd.cpp,1150,0.328059,6394,0.05130731936190178,0.007018
LLTextBase::updateSegments,E:\BoxxyViewer\indra\llui\lltextbase.cpp,2189,0.322755,20127,0.01603592189596065,0.004966
vftuf - current <= desired,E:\BoxxyViewer\indra\newview\llviewertexture.cpp,2288,0.322448,33814,0.009535931862542143,0.003116
LLGLSLShader::uniform4fv,E:\BoxxyViewer\indra\llrender\llglslshader.cpp,1978,0.321855,4702,0.06845065929391748,0.002682
LLReflectionMap::autoAdjustOrigin,E:\BoxxyViewer\indra\newview\llreflectionmap.cpp,79,0.320848,17042,0.018826898251378947,0.007028
httppt - curl_multi_info_read,E:\BoxxyViewer\indra\llcorehttp\_httplibcurl.cpp,183,0.315258,2006,0.15715752741774677,0.004352
notify loaded meshes,E:\BoxxyViewer\indra\newview\llmeshrepository.cpp,3423,0.312703,4,78.17575,0.20501
LLTextureCache::writeToFastCache,E:\BoxxyViewer\indra\newview\lltexturecache.cpp,2088,0.311027,2,155.5135,0.205815
df Snapshot,E:\BoxxyViewer\indra\newview\llappviewer.cpp,1508,0.310588,172,1.8057441860465118,0.002918
LLCore::HttpOpRequest::headerCallback,E:\BoxxyViewer\indra\llcorehttp\_httpoprequest.cpp,875,0.310024,457,0.6783894967177243,0.017919
Sleep2,E:\BoxxyViewer\indra\newview\llappviewer.cpp,1533,0.309912,172,1.8018139534883721,0.006641
LLDrawable::addFace,E:\BoxxyViewer\indra\newview\lldrawable.cpp,317,0.308445,1753,0.17595265259555048,0.027878
LLSettingsVOSky::applySpecial,E:\BoxxyViewer\indra\newview\llsettingsvo.cpp,751,0.308431,345,0.8940028985507247,0.001915
LLVOAvatar::getAverageGPURenderTime,E:\BoxxyViewer\indra\newview\llvoavatar.cpp,12739,0.295423,172,1.7175755813953488,0.010672
LLViewerMediaImpl::update,E:\BoxxyViewer\indra\newview\llviewermedia.cpp,2898,0.293675,688,0.4268531976744186,0.001798
LLViewerRegion::updateReflectionProbes,E:\BoxxyViewer\indra\newview\llviewerregion.cpp,1277,0.292351,173,1.6898901734104048,0.013543
MISSING TEXTURE,E:\BoxxyViewer\indra\llrender\llrender.cpp,199,0.291515,4111,0.07091097056677208,0.0013
LLWorld::updateRegions,E:\BoxxyViewer\indra\newview\llworld.cpp,684,0.290665,173,1.6801445086705202,0.008669
LLDrawPoolAvatar::endPostDeferredPass,E:\BoxxyViewer\indra\newview\lldrawpoolavatar.cpp,246,0.288706,868,0.332610599078341,0.002423
LLDrawPoolBump::renderPostDeferred,E:\BoxxyViewer\indra\newview\lldrawpoolbump.cpp,597,0.286655,1011,0.28353610286844705,0.007781
LLVertexBuffer::flushBuffers,E:\BoxxyViewer\indra\llrender\llvertexbuffer.cpp,1022,0.285356,2802,0.1018401142041399,0.005264
shadow fullbright alpha masked,E:\BoxxyViewer\indra\newview\pipeline.cpp,9960,0.284046,2048,0.1386943359375,0.000754
LLVolumeFace::resizeVertices,E:\BoxxyViewer\indra\llmath\llvolume.cpp,6938,0.28357,414,0.6849516908212561,0.028661
LLBodyNoiseMotion::onUpdate,E:\BoxxyViewer\indra\newview\llvoavatar.cpp,368,0.282399,2843,0.09933134013366163,0.001028
LLEnvironment::updateGLVariablesForSettings,E:\BoxxyViewer\indra\newview\llenvironment.cpp,1708,0.282287,690,0.40911159420289855,0.001385
getGeometryVolume - tcoord,E:\BoxxyViewer\indra\newview\llface.cpp,1592,0.282019,4718,0.05977511657481984,0.001474
lllog,E:\BoxxyViewer\indra\newview\llviewerobjectlist.cpp,550,0.281546,1365,0.20626080586080586,0.003003
ms_sleep,E:\BoxxyViewer\indra\llcommon\lltimer.cpp,112,0.281166,1817,0.15474188222344523,0.006162
getGeometryVolume - texgen default,E:\BoxxyViewer\indra\newview\llface.cpp,1828,0.279789,1221,0.22914742014742015,0.002878
LLGLSLShader::uniform2fv,E:\BoxxyViewer\indra\llrender\llglslshader.cpp,1526,0.277884,14262,0.019484223811527132,0.001997
shadow alpha material,E:\BoxxyViewer\indra\newview\pipeline.cpp,9980,0.269716,2048,0.131697265625,0.002543
shadow alpha masked,E:\BoxxyViewer\indra\newview\pipeline.cpp,9945,0.268363,2048,0.13103662109375,0.000997
LLTextureCache::update,E:\BoxxyViewer\indra\newview\lltexturecache.cpp,820,0.265678,172,1.544639534883721,0.013907
LLTrace::Recording::handleStop,E:\BoxxyViewer\indra\llcommon\lltracerecording.cpp,141,0.254015,172,1.4768313953488372,0.002391
LLControlGroup::get,E:\BoxxyViewer\indra\llxml\llcontrol.h,229,0.253943,237,1.0714894514767932,0.037728
LLViewerMedia::updateMedia,E:\BoxxyViewer\indra\newview\llviewermedia.cpp,642,0.253613,172,1.4744941860465117,0.002546
LLTrace::AccumulatorBuffer<class LLTrace::EventAccumulator>::reset,E:\BoxxyViewer\indra\llcommon\lltraceaccumulators.h,132,0.25358,2752,0.0921438953488372,0.001458
LLMaterialMgr::onIdle,E:\BoxxyViewer\indra\newview\llmaterialmgr.cpp,576,0.25225,172,1.4665697674418605,0.002921
LL::WorkQueueBase::runUntilClose,E:\BoxxyViewer\indra\llcommon\workqueue.cpp,86,0.251244,789,0.3184334600760456,0.006254
LLDrawPoolGlow::renderPostDeferred,E:\BoxxyViewer\indra\newview\lldrawpoolsimple.cpp,47,0.251005,839,0.29917163289630516,0.001774
LLCore::HttpLibcurl::completeRequest,E:\BoxxyViewer\indra\llcorehttp\_httplibcurl.cpp,320,0.248707,42,5.921595238095239,0.009777
Exact OIT prepare capture,E:\BoxxyViewer\indra\newview\fsexactoit.cpp,833,0.243579,172,1.4161569767441862,0.001946
`anonymous-namespace'::ImplMap::insert,E:\BoxxyViewer\indra\llcommon\llsd.cpp,547,0.239411,1381,0.17336060825488775,0.001611
LLDrawable::cleanupReferences,E:\BoxxyViewer\indra\newview\lldrawable.cpp,251,0.235443,42,5.605785714285715,0.012802
LLFontGL::maxDrawableChars,E:\BoxxyViewer\indra\llrender\llfontgl.cpp,603,0.23464,501,0.46834331337325347,0.007119
LLTrace::AccumulatorBuffer<class LLTrace::SampleAccumulator>::sync,E:\BoxxyViewer\indra\llcommon\lltraceaccumulators.h,142,0.234309,860,0.27245232558139537,0.001476
df pauseMainloopTimeout,E:\BoxxyViewer\indra\newview\llappviewer.cpp,1524,0.231714,172,1.3471744186046513,0.008373
LLMeshRepository::getMeshSize,E:\BoxxyViewer\indra\newview\llmeshrepository.cpp,5213,0.228094,2951,0.07729379871230091,0.0008
LLGLSLShader::uniform2f,E:\BoxxyViewer\indra\llrender\llglslshader.cpp,1866,0.226143,1894,0.11939968321013728,0.001004
`anonymous-namespace'::ImplMap::insert,E:\BoxxyViewer\indra\llcommon\llsd.cpp,535,0.217501,1064,0.20441823308270676,0.010762
LLMeshRepoThread::notifyLoadedMeshes,E:\BoxxyViewer\indra\newview\llmeshrepository.cpp,3411,0.216916,1118,0.19402146690518782,0.062322
LLSettingsVOWater::updateSettings,E:\BoxxyViewer\indra\newview\llsettingsvo.cpp,1148,0.214571,173,1.2402947976878613,0.002803
FTM_UPDATE_WORLD_VIEW,E:\BoxxyViewer\indra\newview\llviewerwindow.cpp,4197,0.212784,172,1.2371162790697674,0.002425
"LLThreadSafeQueue<class std::function<void __cdecl(void)>,class std::queue<class std::function<void __cdecl(void)>,class std::deque<class std::function<void __cdecl(void)>,class std::allocator<class std::function<void __cdecl(void)> > > > >::pushIfOpen",E:\BoxxyViewer\indra\llcommon\llthreadsafequeue.h,325,0.211672,974,0.2173223819301848,0.008922
ggv - texgen 2,E:\BoxxyViewer\indra\newview\llface.cpp,1723,0.209372,1563,0.13395521433141394,0.002592
LLWorkerThread::WorkRequest::processRequest,E:\BoxxyViewer\indra\llcommon\llworkerthread.cpp,182,0.206322,227,0.9089074889867842,0.021091
LLVOAvatar::getMaxGPURenderTime,E:\BoxxyViewer\indra\newview\llvoavatar.cpp,12725,0.204591,172,1.1894825581395347,0.002236
LLTrace::AccumulatorBuffer<class LLTrace::SampleAccumulator>::AccumulatorBuffer,E:\BoxxyViewer\indra\llcommon\lltraceaccumulators.h,68,0.200425,344,0.5826308139534885,0.002437
LLViewerTextureList::updateImages,E:\BoxxyViewer\indra\newview\llviewertexturelist.cpp,810,0.199477,173,1.1530462427745665,0.002083
df resumeMainloopTimeout,E:\BoxxyViewer\indra\newview\llappviewer.cpp,1477,0.194122,173,1.122092485549133,0.003009
lllog,E:\BoxxyViewer\indra\newview\llviewerobjectlist.cpp,242,0.188619,1677,0.11247406082289804,0.001654
LLLayoutStack::updateLayout,E:\BoxxyViewer\indra\llui\lllayoutstack.cpp,412,0.188434,11180,0.016854561717352414,0.007343
LLTextureFetch::update,E:\BoxxyViewer\indra\newview\lltexturefetch.cpp,2996,0.187903,172,1.0924593023255813,0.032848
`anonymous-namespace'::RecordToStderr::recordMessage,E:\BoxxyViewer\indra\llcommon\llerror.cpp,239,0.186205,44,4.231931818181818,0.006883
getGeometryVolume - indices tail,E:\BoxxyViewer\indra\newview\llface.cpp,1453,0.185492,4668,0.0397369323050557,0.000785
LLProfile::generate,E:\BoxxyViewer\indra\llmath\llvolume.cpp,742,0.183726,70,2.624657142857143,0.018843
render_ui_3d,E:\BoxxyViewer\indra\newview\llviewerdisplay.cpp,1639,0.183308,172,1.0657441860465118,0.001957
LLSD::operator [],E:\BoxxyViewer\indra\llcommon\llsd.cpp,1144,0.182953,1026,0.1783167641325536,0.006081
render_ui,E:\BoxxyViewer\indra\newview\llviewerdisplay.cpp,1475,0.182688,172,1.0621395348837208,0.011425
LLTrace::AccumulatorBuffer<class LLTrace::TimeBlockAccumulator>::AccumulatorBuffer,E:\BoxxyViewer\indra\llcommon\lltraceaccumulators.h,68,0.180919,344,0.5259273255813954,0.001616
`anonymous-namespace'::ImplMap::makeMap,E:\BoxxyViewer\indra\llcommon\llsd.cpp,487,0.179441,6978,0.0257152479220407,0.007477
LLTrace::Recording::update,E:\BoxxyViewer\indra\llcommon\lltracerecording.cpp,97,0.178684,517,0.3456170212765957,0.00218
renderDeferredLighting - sun shadow,E:\BoxxyViewer\indra\newview\pipeline.cpp,8668,0.178599,173,1.032364161849711,0.003801
LLVOVolume::regenFaces,E:\BoxxyViewer\indra\newview\llvovolume.cpp,1865,0.177081,142,1.2470492957746477,0.002338
LLDrawPoolBump::beginBump,E:\BoxxyViewer\indra\newview\lldrawpoolbump.cpp,496,0.17481,1850,0.0944918918918919,0.001162
media update interest,E:\BoxxyViewer\indra\newview\llviewermedia.cpp,669,0.17323,172,1.0071511627906977,0.001725
LLTrace::AccumulatorBufferGroup::reset,E:\BoxxyViewer\indra\llcommon\lltraceaccumulators.cpp,124,0.170846,2236,0.07640697674418605,0.035748
LLVertexBuffer::destroyGLIndices,E:\BoxxyViewer\indra\llrender\llvertexbuffer.cpp,1195,0.166911,2796,0.059696351931330466,0.002912
LLVolumeFace::createTangents,E:\BoxxyViewer\indra\llmath\llvolume.cpp,6909,0.165891,8942,0.018551889957503915,0.000636
LLDrawPoolAvatar::endDeferredImpostor,E:\BoxxyViewer\indra\newview\lldrawpoolavatar.cpp,562,0.165757,346,0.4790664739884393,0.002523
LLViewerObject::createObject,E:\BoxxyViewer\indra\newview\llviewerobject.cpp,153,0.165648,41,4.0401951219512195,0.005721
LLSD::operator [],E:\BoxxyViewer\indra\llcommon\llsd.cpp,1192,0.164345,823,0.19969015795868775,0.001317
LLRenderPass::pushBumpBatch,E:\BoxxyViewer\indra\newview\lldrawpoolbump.cpp,1009,0.162876,560,0.29085,0.001342
getGeometryVolume - texgen,E:\BoxxyViewer\indra\newview\llface.cpp,1712,0.162178,3497,0.04637632256219616,0.007236
LLMutexTrylock::LLMutexTrylock,E:\BoxxyViewer\indra\llcommon\llmutex.cpp,367,0.162082,4472,0.03624373881932021,0.000862
LLDrawable::setNumFacesFast,E:\BoxxyViewer\indra\newview\lldrawable.cpp,440,0.161165,168,0.9593154761904762,0.002516
"LLThreadSafeQueue<class std::function<void __cdecl(void)>,class std::queue<class std::function<void __cdecl(void)>,class std::deque<class std::function<void __cdecl(void)>,class std::allocator<class std::function<void __cdecl(void)> > > > >::tryPop",E:\BoxxyViewer\indra\llcommon\llthreadsafequeue.h,477,0.160497,1922,0.08350520291363163,0.003543
HUD Update,E:\BoxxyViewer\indra\newview\llviewerdisplay.cpp,754,0.160033,173,0.9250462427745665,0.003
LLViewerMediaTexture::updateClass,E:\BoxxyViewer\indra\newview\llviewertexture.cpp,3332,0.158733,173,0.9175317919075145,0.00185
LLViewerFetchedTexture::processTextureStats,E:\BoxxyViewer\indra\newview\llviewertexture.cpp,1728,0.15761,4165,0.037841536614645864,0.000971
LLDrawPoolAvatar::endShadowPass,E:\BoxxyViewer\indra\newview\lldrawpoolavatar.cpp,339,0.156564,6144,0.025482421875,0.002171
getGeometryVolume - emissive,E:\BoxxyViewer\indra\newview\llface.cpp,2135,0.156064,1929,0.08090409538621048,0.029532
LLTrace::AccumulatorBuffer<class LLTrace::TimeBlockAccumulator>::~AccumulatorBuffer,E:\BoxxyViewer\indra\llcommon\lltraceaccumulators.h,79,0.154404,344,0.4488488372093023,0.006488
LLQueuedThread::updateQueue,E:\BoxxyViewer\indra\llcommon\llqueuedthread.cpp,157,0.150557,516,0.29177713178294573,0.001243
LLDrawPoolFullbrightAlphaMask::renderPostDeferred,E:\BoxxyViewer\indra\newview\lldrawpoolsimple.cpp,186,0.148969,1011,0.14734817012858556,0.001052
LLVOAvatar::calculateAttachmentComplexity,E:\BoxxyViewer\indra\newview\llvoavatar.cpp,11794,0.14717,212,0.6941981132075472,0.002738
gi - function queue,E:\BoxxyViewer\indra\llwindow\llwindowwin32.cpp,2352,0.146453,172,0.851470930232558,0.002429
`anonymous-namespace'::RecordToFixedBuffer::recordMessage,E:\BoxxyViewer\indra\llcommon\llerror.cpp,316,0.146136,44,3.3212727272727274,0.006996
LLPipeline::unlinkDrawable,E:\BoxxyViewer\indra\newview\pipeline.cpp,1919,0.145962,42,3.475285714285714,0.007027
LLTrace::AccumulatorBuffer<class LLTrace::SampleAccumulator>::resize,E:\BoxxyViewer\indra\llcommon\lltraceaccumulators.h,182,0.145717,344,0.42359593023255815,0.001099
df LLTrace,E:\BoxxyViewer\indra\newview\llappviewer.cpp,1367,0.144163,172,0.8381569767441861,0.001648
df Display,E:\BoxxyViewer\indra\newview\llappviewer.cpp,1500,0.143519,172,0.8344127906976744,0.001691
genDrawInfo - face size,E:\BoxxyViewer\indra\newview\llvovolume.cpp,6654,0.143371,2661,0.05387861706125517,0.001938
LLVolumeFace::resizeIndices,E:\BoxxyViewer\indra\llmath\llvolume.cpp,7062,0.141833,414,0.34259178743961355,0.010937
LLTrace::AccumulatorBuffer<class LLTrace::CountAccumulator>::AccumulatorBuffer,E:\BoxxyViewer\indra\llcommon\lltraceaccumulators.h,68,0.141816,344,0.41225581395348837,0.001165
LLPumpIO::pump,E:\BoxxyViewer\indra\llmessage\llpumpio.cpp,435,0.14075,172,0.8183139534883721,0.001632
LLAppViewer::idleNetwork,E:\BoxxyViewer\indra\newview\llappviewer.cpp,6046,0.139851,172,0.8130872093023256,0.002088
LLQueuedThread::processRequest,E:\BoxxyViewer\indra\llcommon\llqueuedthread.cpp,435,0.139795,227,0.6158370044052864,0.002264
LLPerfStats::StatsRecorder::send,E:\BoxxyViewer\indra\newview\llperfstats.h,177,0.139134,1721,0.08084485764090646,0.000924
LLRenderPass::pushUntexturedRiggedGLTFBatches,E:\BoxxyViewer\indra\newview\lldrawpool.cpp,1011,0.137141,1024,0.1339267578125,0.022041
FTM_OBJECTLIST_UPDATE,E:\BoxxyViewer\indra\newview\llappviewer.cpp,5477,0.136681,172,0.7946569767441861,0.001367
tfwdw - LOAD_FROM_NETWORK,E:\BoxxyViewer\indra\newview\lltexturefetch.cpp,1259,0.134891,17,7.934764705882353,0.029111
Texture Unbind,E:\BoxxyViewer\indra\newview\llviewerdisplay.cpp,1024,0.134689,173,0.7785491329479769,0.001676
shadow alpha grass,E:\BoxxyViewer\indra\newview\pipeline.cpp,9969,0.132848,2048,0.0648671875,0.002239
LLTrace::AccumulatorBuffer<class LLTrace::EventAccumulator>::~AccumulatorBuffer,E:\BoxxyViewer\indra\llcommon\lltraceaccumulators.h,79,0.129918,344,0.3776686046511628,0.00141
tfwdw - WAIT_ON_WRITE,E:\BoxxyViewer\indra\newview\lltexturefetch.cpp,1909,0.129043,48,2.6883958333333333,0.021751
getGeometryVolume - norm mat override,E:\BoxxyViewer\indra\newview\llface.cpp,1566,0.12812,5268,0.024320425208807898,0.000978
media sort,E:\BoxxyViewer\indra\newview\llviewermedia.cpp,686,0.128006,172,0.7442209302325581,0.001508
LLTrace::AccumulatorBufferGroup::append,E:\BoxxyViewer\indra\llcommon\lltraceaccumulators.cpp,105,0.125045,1376,0.09087572674418605,0.000935
tfwdw - WRITE_TO_CACHE,E:\BoxxyViewer\indra\newview\lltexturefetch.cpp,1866,0.123682,18,6.871222222222222,0.017227
LLWindowWin32::gatherInput,E:\BoxxyViewer\indra\llwindow\llwindowwin32.cpp,2306,0.122861,172,0.7143081395348837,0.005756
LLSkinningUtil::updateRiggingInfo,E:\BoxxyViewer\indra\newview\llskinningutil.cpp,332,0.122337,69,1.773,0.035484
LLTrace::AccumulatorBuffer<class LLTrace::CountAccumulator>::~AccumulatorBuffer,E:\BoxxyViewer\indra\llcommon\lltraceaccumulators.h,79,0.122287,344,0.35548546511627904,0.001261
update sky,E:\BoxxyViewer\indra\newview\llviewerdisplay.cpp,918,0.121845,173,0.7043063583815029,0.002594
LLDrawPoolBump::renderFullbrightShiny,E:\BoxxyViewer\indra\newview\lldrawpoolbump.cpp,355,0.121297,1850,0.06556594594594595,0.011274
LLPerfStats::StatsRecorder::processUpdate,E:\BoxxyViewer\indra\newview\llperfstats.h,241,0.120574,1893,0.0636946645536186,0.000844
lllog,E:\BoxxyViewer\indra\newview\llselectmgr.cpp,6019,0.12026,44,2.733181818181818,0.006445
LLTextureCache::readFromCache,E:\BoxxyViewer\indra\newview\lltexturecache.cpp,1956,0.119342,19,6.281157894736842,0.078828
LLTrace::PeriodicRecording::getPeriodMaxPerSec,E:\BoxxyViewer\indra\llcommon\lltracerecording.h,482,0.115331,344,0.33526453488372093,0.001854
LLSharedMutex::lockExclusive,E:\BoxxyViewer\indra\llcommon\llmutex.cpp,207,0.114358,333,0.34341741741741744,0.003422
qt - update,E:\BoxxyViewer\indra\llcommon\llqueuedthread.cpp,166,0.113422,516,0.21981007751937984,0.003686
lllog,E:\BoxxyViewer\indra\newview\llviewerobject.cpp,5837,0.112153,3406,0.03292806811509102,0.000418
LLTrace::AccumulatorBufferGroup::makeCurrent,E:\BoxxyViewer\indra\llcommon\lltraceaccumulators.cpp,69,0.111385,344,0.3237936046511628,0.001125
LLTrace::AccumulatorBuffer<class LLTrace::TimeBlockAccumulator>::resize,E:\BoxxyViewer\indra\llcommon\lltraceaccumulators.h,182,0.111154,344,0.3231220930232558,0.00131
FTM_UI_STRING,E:\BoxxyViewer\indra\llui\lluistring.cpp,128,0.10928,63,1.7346031746031747,0.005534
LLVOAvatar::idleUpdateRenderComplexity,E:\BoxxyViewer\indra\newview\llvoavatar.cpp,11633,0.108715,710,0.15311971830985915,0.001097
Image Update Bump,E:\BoxxyViewer\indra\newview\llviewerdisplay.cpp,863,0.108606,173,0.6277803468208092,0.009119
FTM_NETWORK,E:\BoxxyViewer\indra\newview\llappviewer.cpp,5529,0.108443,173,0.6268381502890173,0.007643
LLGLSLShader::uniform2fv,E:\BoxxyViewer\indra\llrender\llglslshader.cpp,1935,0.107727,4702,0.022910888983411315,0.00702
mwp - DefWindowProc,E:\BoxxyViewer\indra\llwindow\llwindowwin32.cpp,3621,0.107582,117,0.9195042735042736,0.027191
LLTrace::AccumulatorBuffer<class LLTrace::SampleAccumulator>::~AccumulatorBuffer,E:\BoxxyViewer\indra\llcommon\lltraceaccumulators.h,79,0.10758,344,0.3127325581395349,0.007099
LLEnvironment::DayInstance::applyTimeDelta,E:\BoxxyViewer\indra\newview\llenvironment.cpp,2673,0.107194,173,0.6196184971098265,0.001312
LLDrawPoolSimple::renderDeferred,E:\BoxxyViewer\indra\newview\lldrawpoolsimple.cpp,101,0.106996,578,0.18511418685121106,0.000965
LLTrace::AccumulatorBuffer<class LLTrace::EventAccumulator>::resize,E:\BoxxyViewer\indra\llcommon\lltraceaccumulators.h,182,0.103717,344,0.3015029069767442,0.001283
LLTrace::PeriodicRecording::nextPeriod,E:\BoxxyViewer\indra\llcommon\lltracerecording.cpp,450,0.103301,172,0.6005872093023256,0.001325
LLTextureFetchWorker::setState,E:\BoxxyViewer\indra\newview\lltexturefetch.cpp,3084,0.101677,213,0.4773568075117371,0.002994
LLTrace::AccumulatorBuffer<class LLTrace::EventAccumulator>::AccumulatorBuffer,E:\BoxxyViewer\indra\llcommon\lltraceaccumulators.h,68,0.101509,344,0.2950843023255814,0.001257
Update Geom,E:\BoxxyViewer\indra\newview\llviewerdisplay.cpp,761,0.099354,173,0.574300578034682,0.017303
LLDrawPoolBump::bindBumpMap,E:\BoxxyViewer\indra\newview\lldrawpoolbump.cpp,445,0.098847,560,0.1765125,0.001166
LLDrawPoolAvatar::beginDeferredPass,E:\BoxxyViewer\indra\newview\lldrawpoolavatar.cpp,166,0.098772,1821,0.05424052718286656,0.000865
LLVolume::createVolumeFaces,E:\BoxxyViewer\indra\llmath\llvolume.cpp,2935,0.097989,70,1.3998428571428572,0.045943
LLTrace::AccumulatorBuffer<class LLTrace::CountAccumulator>::resize,E:\BoxxyViewer\indra\llcommon\lltraceaccumulators.h,182,0.097677,344,0.2839447674418604,0.001093
LLThread::wake,E:\BoxxyViewer\indra\llcommon\llthread.cpp,473,0.097618,516,0.18918217054263564,0.000874
LLQueuedThread::completeRequest,E:\BoxxyViewer\indra\llcommon\llqueuedthread.cpp,390,0.097221,49,1.9841020408163266,0.015174
vftuf - current < min,E:\BoxxyViewer\indra\newview\llviewertexture.cpp,2268,0.096632,8086,0.011950531783329211,0.003006
LLTerrainMaterials::getMaterialType,E:\BoxxyViewer\indra\newview\llvlcomposition.cpp,212,0.096629,202,0.47836138613861384,0.001336
LLMutexTrylock::~LLMutexTrylock,E:\BoxxyViewer\indra\llcommon\llmutex.cpp,391,0.096554,4472,0.02159078711985689,0.000803
subimage - batched lines,E:\BoxxyViewer\indra\llrender\llimagegl.cpp,1077,0.094888,15,6.325866666666667,0.008225
qtpr - retry,E:\BoxxyViewer\indra\llcommon\llqueuedthread.cpp,490,0.093908,174,0.5397011494252874,0.003009
FTM_WINDOW_CHECK_SETTINGS,E:\BoxxyViewer\indra\newview\llviewerwindow.cpp,6135,0.093239,173,0.5389537572254335,0.039697
LLPerfStats::StatsRecorder::toggleBuffer,E:\BoxxyViewer\indra\newview\llperfstats.cpp,160,0.092223,172,0.5361802325581395,0.001418
Autopilot,E:\BoxxyViewer\indra\newview\llappviewer.cpp,5315,0.092161,172,0.5358197674418604,0.001244
LLSettingsSky::updateSettings,E:\BoxxyViewer\indra\llinventory\llsettingssky.cpp,1122,0.09118,173,0.5270520231213872,0.001271
LLDrawPoolFullbright::renderPostDeferred,E:\BoxxyViewer\indra\newview\lldrawpoolsimple.cpp,158,0.090961,1011,0.08997131552917904,0.000785
LLDrawable::init,E:\BoxxyViewer\indra\newview\lldrawable.cpp,102,0.089919,41,2.1931463414634145,0.002995
LLViewerObjectList::updateActive,E:\BoxxyViewer\indra\newview\llviewerobjectlist.cpp,1500,0.089674,1718,0.05219674039580908,0.000735
LLTrace::Recording::handleStart,E:\BoxxyViewer\indra\llcommon\lltracerecording.cpp,129,0.088996,172,0.5174186046511629,0.002133
LLVOVolume::lodOrSculptChanged,E:\BoxxyViewer\indra\newview\llvovolume.cpp,2144,0.088955,370,0.2404189189189189,0.001411
LLMaterial::getHash,E:\BoxxyViewer\indra\llprimitive\llmaterial.cpp,470,0.087016,2672,0.032565868263473054,0.001106
LLPath::genNGon,E:\BoxxyViewer\indra\llmath\llvolume.cpp,1224,0.085718,26,3.296846153846154,0.009965
lllog,E:\BoxxyViewer\indra\newview\llvovolume.cpp,433,0.085153,1097,0.07762351868732908,0.00043
LLDrawPoolAvatar::endDeferredPass,E:\BoxxyViewer\indra\newview\lldrawpoolavatar.cpp,192,0.083943,1821,0.04609719934102142,0.000942
LLTrace::AccumulatorBuffer<class LLTrace::CountAccumulator>::reset,E:\BoxxyViewer\indra\llcommon\lltraceaccumulators.h,132,0.083322,2752,0.030276889534883722,0.000746
LLMemoryInfo::loadStatsMap,E:\BoxxyViewer\indra\llcommon\llsys.cpp,920,0.082196,10,8.2196,0.011166
mwp - WM_TIMER,E:\BoxxyViewer\indra\llwindow\llwindowwin32.cpp,2435,0.081935,111,0.7381531531531532,0.001759
df resumeMainloopTimeout,E:\BoxxyViewer\indra\newview\llappviewer.cpp,1625,0.081705,172,0.47502906976744186,0.001092
LLHeadRotMotion::onUpdate,E:\BoxxyViewer\indra\llcharacter\llheadrotmotion.cpp,178,0.081286,184,0.4417717391304348,0.001306
LLTrace::AccumulatorBufferGroup::sync,E:\BoxxyViewer\indra\llcommon\lltraceaccumulators.cpp,133,0.081123,860,0.09432906976744186,0.001098
lllog,E:\BoxxyViewer\indra\newview\llvoavatar.cpp,7181,0.080818,3474,0.023263672999424292,0.000876
display_stats,E:\BoxxyViewer\indra\newview\llviewerdisplay.cpp,242,0.080328,172,0.4670232558139535,0.001139
LFS Thread,E:\BoxxyViewer\indra\newview\llappviewer.cpp,1593,0.079399,172,0.4616220930232558,0.00698
LLTextureFetch::createRequest,E:\BoxxyViewer\indra\newview\lltexturefetch.cpp,2520,0.078193,19,4.1154210526315795,0.00657
LLCore::HttpRequest::requestGetByteRange,E:\BoxxyViewer\indra\llcorehttp\httprequest.cpp,219,0.077861,20,3.89305,0.011048
LLBumpImageList::onSourceUpdated,E:\BoxxyViewer\indra\newview\lldrawpoolbump.cpp,870,0.077494,16,4.843375,0.009186
LLReflectionMap::update,E:\BoxxyViewer\indra\newview\llreflectionmap.cpp,55,0.076961,172,0.44744767441860467,0.001693
LLTrace::ThreadRecorder::pullFromChildren,E:\BoxxyViewer\indra\llcommon\lltracethreadrecorder.cpp,282,0.076828,172,0.4466744186046512,0.006245
LLCore::HttpLibcurl::addOp,E:\BoxxyViewer\indra\llcorehttp\_httplibcurl.cpp,223,0.075917,43,1.765511627906977,0.008434
"LLThreadSafeQueue<class std::function<void __cdecl(void)>,class std::queue<class std::function<void __cdecl(void)>,class std::deque<class std::function<void __cdecl(void)>,class std::allocator<class std::function<void __cdecl(void)> > > > >::done",E:\BoxxyViewer\indra\llcommon\llthreadsafequeue.h,587,0.074756,1512,0.049441798941798946,0.000476
LLViewerObjectList::findOrphans,E:\BoxxyViewer\indra\newview\llviewerobjectlist.cpp,2002,0.074743,1677,0.044569469290399524,0.001312
tcwfw - read,E:\BoxxyViewer\indra\newview\lltexturecache.cpp,735,0.074192,19,3.904842105263158,0.005855
Clear stats maps,E:\BoxxyViewer\indra\newview\llperfstats.cpp,219,0.073707,172,0.4285290697674419,0.001339
network,E:\BoxxyViewer\indra\newview\llappviewer.cpp,5299,0.073076,172,0.42486046511627906,0.001206
LLTrace::AccumulatorBufferGroup::merge,E:\BoxxyViewer\indra\llcommon\lltraceaccumulators.cpp,114,0.072869,1204,0.06052242524916944,0.00276
Texture Cache,E:\BoxxyViewer\indra\newview\llappviewer.cpp,1670,0.072529,172,0.4216802325581396,0.000663
display - 4,E:\BoxxyViewer\indra\newview\llviewerdisplay.cpp,893,0.071588,173,0.4138034682080925,0.001103
LLTextureFetch::getRequestFinished,E:\BoxxyViewer\indra\newview\lltexturefetch.cpp,2795,0.071557,14,5.1112142857142855,0.009037
processRequest - retry,E:\BoxxyViewer\indra\llcommon\llqueuedthread.cpp,521,0.070582,173,0.40798843930635836,0.004653
LLCore::HttpOpRequest::stageFromActive,E:\BoxxyViewer\indra\llcorehttp\_httpoprequest.cpp,219,0.069149,42,1.646404761904762,0.002961
LLVolume::generate,E:\BoxxyViewer\indra\llmath\llvolume.cpp,2047,0.068649,70,0.9807,0.004309
LLVolumeFace::createSide,E:\BoxxyViewer\indra\llmath\llvolume.cpp,7125,0.06814,219,0.3111415525114155,0.002306
LLSpatialPartition::remove,E:\BoxxyViewer\indra\newview\llspatialpartition.cpp,956,0.067672,1356,0.04990560471976401,0.000859
LLVertexBuffer::genIndices,E:\BoxxyViewer\indra\llrender\llvertexbuffer.cpp,1115,0.067387,2795,0.02410983899821109,0.00071
FTM_DISPLAY_DEBUG_TEXT,E:\BoxxyViewer\indra\newview\llviewerwindow.cpp,981,0.066938,172,0.3891744186046512,0.001142
LLImageDecodeThread::update,E:\BoxxyViewer\indra\llimage\llimageworker.cpp,82,0.06651,172,0.3866860465116279,0.001121
LLViewerTextureList::updateImagesCreateTextures,E:\BoxxyViewer\indra\newview\llviewertexturelist.cpp,1093,0.066163,173,0.3824450867052023,0.002012
LLDrawPoolAlphaMask::renderDeferred,E:\BoxxyViewer\indra\newview\lldrawpoolsimple.cpp,118,0.066136,578,0.11442214532871972,0.002099
List,E:\BoxxyViewer\indra\newview\llviewerdisplay.cpp,868,0.065742,173,0.3800115606936416,0.00096
"LLThreadSafeQueue<class std::function<void __cdecl(void)>,class std::queue<class std::function<void __cdecl(void)>,class std::deque<class std::function<void __cdecl(void)>,class std::allocator<class std::function<void __cdecl(void)> > > > >::size",E:\BoxxyViewer\indra\llcommon\llthreadsafequeue.h,555,0.065254,1892,0.034489429175475685,0.001515
shadow geom,E:\BoxxyViewer\indra\newview\pipeline.cpp,9930,0.065235,1024,0.0637060546875,0.000716
LLWindowWin32::mainWindowProc,E:\BoxxyViewer\indra\llwindow\llwindowwin32.cpp,2393,0.064938,117,0.555025641025641,0.00106
df gMeshRepo,E:\BoxxyViewer\indra\newview\llappviewer.cpp,1608,0.064693,172,0.3761220930232558,0.000941
df pauseMainloopTimeout,E:\BoxxyViewer\indra\newview\llappviewer.cpp,1465,0.064325,172,0.3739825581395349,0.002172
LLTextureFetch::getWorkerAfterLock,E:\BoxxyViewer\indra\newview\lltexturefetch.cpp,2771,0.064232,129,0.49792248062015504,0.006113
LLVolumeFace::create,E:\BoxxyViewer\indra\llmath\llvolume.cpp,5396,0.064162,307,0.20899674267100976,0.004441
lllog,E:\BoxxyViewer\indra\newview\llvoavatar.cpp,11460,0.063864,214,0.2984299065420561,0.01381
df idle,E:\BoxxyViewer\indra\newview\llappviewer.cpp,1472,0.063668,172,0.37016279069767444,0.001043
w32t - Function Queue,E:\BoxxyViewer\indra\llwindow\llwindowwin32.cpp,5594,0.063087,111,0.5683513513513514,0.029408
lllog,E:\BoxxyViewer\indra\llui\lltextbase.cpp,2601,0.06293,814,0.0773095823095823,0.050746
LLPipeline::updateGL,E:\BoxxyViewer\indra\newview\pipeline.cpp,2797,0.062924,173,0.3637225433526012,0.001454
Image Fetch,E:\BoxxyViewer\indra\newview\llappviewer.cpp,1678,0.062609,172,0.36400581395348836,0.000908
LLTrace::BlockTimer::updateTimes,E:\BoxxyViewer\indra\llcommon\llfasttimer.cpp,266,0.062421,688,0.09072819767441861,0.00075
LLViewerParcelOverlay::updateGL,E:\BoxxyViewer\indra\newview\llviewerparceloverlay.cpp,633,0.061737,77,0.8017792207792207,0.001346
lllog,E:\BoxxyViewer\indra\llplugin\llpluginmessagepipe.cpp,325,0.061441,818,0.07511124694376528,0.004112
display - 5,E:\BoxxyViewer\indra\newview\llviewerdisplay.cpp,994,0.061372,173,0.3547514450867052,0.000978
LLMotionController::activateMotionInstance,E:\BoxxyViewer\indra\llcharacter\llmotioncontroller.cpp,979,0.060765,134,0.45347014925373136,0.002355
LLViewerObjectList::cleanupReferences,E:\BoxxyViewer\indra\newview\llviewerobjectlist.cpp,1284,0.06031,42,1.4359523809523809,0.002981
LLSettingsBlenderTimeDelta::applyTimeDelta,E:\BoxxyViewer\indra\llinventory\llsettingsbase.cpp,803,0.059874,346,0.17304624277456648,0.000906
LLViewerObject::markDead,E:\BoxxyViewer\indra\newview\llviewerobject.cpp,425,0.059848,42,1.424952380952381,0.002203
LLTextureFetchWorker::onCompleted,E:\BoxxyViewer\indra\newview\lltexturefetch.cpp,1956,0.059521,16,3.7200625,0.006191
llvfcs - copy verts,E:\BoxxyViewer\indra\llmath\llvolume.cpp,7170,0.059469,219,0.2715479452054794,0.003902
LLTextureFetch::threadedUpdate,E:\BoxxyViewer\indra\newview\lltexturefetch.cpp,3051,0.058708,172,0.3413255813953488,0.016818
`anonymous-namespace'::RecordToStderr::writeANSI,E:\BoxxyViewer\indra\llcommon\llerror.cpp,279,0.056128,44,1.2756363636363637,0.002792
FTM_CLEANUP,E:\BoxxyViewer\indra\newview\llappviewer.cpp,5493,0.055643,173,0.321635838150289,0.001062
llsd_equals,E:\BoxxyViewer\indra\llcommon\llsdutil.cpp,770,0.055561,218,0.25486697247706425,0.000667
LLSpatialPartition::rebuildGeom,E:\BoxxyViewer\indra\newview\llspatialpartition.cpp,357,0.05528,1235,0.04476113360323887,0.000925
"LLThreadSafeQueue<class std::function<void __cdecl(void)>,class std::queue<class std::function<void __cdecl(void)>,class std::deque<class std::function<void __cdecl(void)>,class std::allocator<class std::function<void __cdecl(void)> > > > >::tryLock",E:\BoxxyViewer\indra\llcommon\llthreadsafequeue.h,278,0.054365,16,3.3978125,0.020654
LLMeshHandlerBase::onCompleted,E:\BoxxyViewer\indra\newview\llmeshrepository.cpp,3641,0.054254,3,18.084666666666667,0.03192
LLRender::setAmbientLightColor,E:\BoxxyViewer\indra\llrender\llrender.cpp,1408,0.053837,1991,0.027040180813661475,0.000983
LLViewerFetchedTexture::doLoadedCallbacks,E:\BoxxyViewer\indra\newview\llviewertexture.cpp,2658,0.053133,346,0.15356358381502888,0.001082
lllog,E:\BoxxyViewer\indra\newview\llvovolume.cpp,2572,0.053091,3406,0.015587492660011745,0.000672
shadow alpha blend,E:\BoxxyViewer\indra\newview\pipeline.cpp,9954,0.053076,2048,0.025916015625,0.000826
lllog,E:\BoxxyViewer\indra\newview\llcontrolavatar.cpp,234,0.052821,865,0.061064739884393066,0.000801
LLSharedMutex::unlockExclusive,E:\BoxxyViewer\indra\llcommon\llmutex.cpp,306,0.052782,333,0.15850450450450448,0.001665
tfwdw - SEND_HTTP_REQ,E:\BoxxyViewer\indra\newview\lltexturefetch.cpp,1386,0.052767,17,3.103941176470588,0.009673
LLCore::HttpOpRequest::stageFromRequest,E:\BoxxyViewer\indra\llcorehttp\_httpoprequest.cpp,203,0.051498,43,1.1976279069767444,0.003313
LLPipeline::processPartitionQ,E:\BoxxyViewer\indra\newview\pipeline.cpp,3144,0.051255,173,0.296271676300578,0.001469
LLWorld::renderPropertyLines,E:\BoxxyViewer\indra\newview\llworld.cpp,771,0.050287,172,0.2923662790697674,0.00071
Update Images,E:\BoxxyViewer\indra\newview\llviewerdisplay.cpp,855,0.04853,173,0.2805202312138728,0.000641
LLUICtrlFactory::createWidgetImpl,E:\BoxxyViewer\indra\llui\lluictrlfactory.h,213,0.048361,1,48.361,0.048361
LLQueuedThread::update,E:\BoxxyViewer\indra\llcommon\llqueuedthread.cpp,143,0.048308,516,0.09362015503875969,0.000767
LLVolume::getLoDTriangleCounts,E:\BoxxyViewer\indra\llmath\llvolume.cpp,3993,0.047527,539,0.08817625231910947,0.000917
LLSD::operator [],E:\BoxxyViewer\indra\llcommon\llsd.cpp,1197,0.047403,2926,0.016200615174299385,0.000852
LLFace::init,E:\BoxxyViewer\indra\newview\llface.cpp,125,0.047309,1753,0.026987450085567598,0.000874
glTexImage2D,E:\BoxxyViewer\indra\llrender\llimagegl.cpp,1455,0.046333,35,1.3237999999999999,0.002851
FTM_CLEANUP_DRAWABLES,E:\BoxxyViewer\indra\newview\llappviewer.cpp,5498,0.045469,173,0.2628265895953757,0.000819
LLDrawPoolAvatar::beginDeferredSkinned,E:\BoxxyViewer\indra\newview\lldrawpoolavatar.cpp,639,0.045247,607,0.07454200988467875,0.00083
LLThread::lockData,E:\BoxxyViewer\indra\llcommon\llthread.cpp,493,0.04469,950,0.04704210526315789,0.000769
LLVOSky::updateSky,E:\BoxxyViewer\indra\newview\llvosky.cpp,692,0.044339,173,0.2562947976878613,0.004604
LLSharedMutex::lockShared,E:\BoxxyViewer\indra\llcommon\llmutex.cpp,182,0.044074,20,2.2037,0.006524
LLVOAvatar::updateRiggingInfo,E:\BoxxyViewer\indra\newview\llvoavatar.cpp,11458,0.043497,214,0.20325700934579438,0.00101
LLTextureCache::readComplete,E:\BoxxyViewer\indra\newview\lltexturecache.cpp,1971,0.043408,19,2.2846315789473683,0.008166
LLFace::LLFace,E:\BoxxyViewer\indra\newview\llface.h,79,0.043198,1753,0.024642327438676552,0.000629
LLDrawPoolAvatar::beginPostDeferredPass,E:\BoxxyViewer\indra\newview\lldrawpoolavatar.cpp,230,0.04285,868,0.049366359447004605,0.00071
LLPerfStats::updateClass,E:\BoxxyViewer\indra\newview\llperfstats.cpp,290,0.042629,172,0.24784302325581395,0.000859
rebuildMesh - flush,E:\BoxxyViewer\indra\newview\llvovolume.cpp,6507,0.041208,742,0.05553638814016173,0.000798
LLViewerTexture::addFace,E:\BoxxyViewer\indra\newview\llviewertexture.cpp,907,0.04079,282,0.144645390070922,0.016589
lllog,E:\BoxxyViewer\indra\newview\llviewerobjectlist.cpp,552,0.040268,1677,0.024011926058437688,0.002618
tfwdw - LOAD_FROM_TEXTURE_CACHE,E:\BoxxyViewer\indra\newview\lltexturefetch.cpp,1145,0.039969,46,0.8688913043478261,0.002065
LLTrace::AccumulatorBufferGroup::handOffTo,E:\BoxxyViewer\indra\llcommon\lltraceaccumulators.cpp,60,0.039719,516,0.0769748062015504,0.002379
"LLThreadSafeQueue<struct tagMSG,class std::queue<struct tagMSG,class std::deque<struct tagMSG,class std::allocator<struct tagMSG> > > >::push_",E:\BoxxyViewer\indra\llcommon\llthreadsafequeue.h,309,0.039627,111,0.357,0.001454
System Messages,E:\BoxxyViewer\indra\newview\llappviewer.cpp,1401,0.039113,172,0.22740116279069766,0.000425
LLThread::unlockData,E:\BoxxyViewer\indra\llcommon\llthread.cpp,499,0.037653,950,0.039634736842105264,0.000894
LLPipeline::createObject,E:\BoxxyViewer\indra\newview\pipeline.cpp,2036,0.037579,41,0.916560975609756,0.002046
LL::WorkQueueBase::runPending,E:\BoxxyViewer\indra\llcommon\workqueue.cpp,97,0.03751,111,0.337927927927928,0.002018
Swap,E:\BoxxyViewer\indra\newview\llviewerdisplay.cpp,1560,0.037366,172,0.21724418604651163,0.000809
lllog,E:\BoxxyViewer\indra\newview\llvoavatar.cpp,7158,0.037366,3474,0.010755900978698905,0.000599
LLGLSLShader::uniform4uiv,E:\BoxxyViewer\indra\llrender\llglslshader.cpp,1987,0.036454,344,0.10597093023255814,0.00051
LLDrawPoolGrass::renderDeferred,E:\BoxxyViewer\indra\newview\lldrawpoolsimple.cpp,139,0.035679,317,0.11255205047318612,0.000326
"LLThreadSafeQueue<struct tagMSG,class std::queue<struct tagMSG,class std::deque<struct tagMSG,class std::allocator<struct tagMSG> > > >::pop_",E:\BoxxyViewer\indra\llcommon\llthreadsafequeue.h,424,0.035498,282,0.12587943262411347,0.000935
LLReflectionMapManager::doProbeUpdate,E:\BoxxyViewer\indra\newview\llreflectionmapmanager.cpp,743,0.035091,172,0.2040174418604651,0.000778
LLVolumeImplFlexible::doUpdateGeometry,E:\BoxxyViewer\indra\newview\llflexibleobject.cpp,756,0.034946,129,0.2708992248062016,0.001587
tfwdw - INIT,E:\BoxxyViewer\indra\newview\lltexturefetch.cpp,1104,0.034833,19,1.8333157894736842,0.003442
LLQueuedThread::addRequest,E:\BoxxyViewer\indra\llcommon\llqueuedthread.cpp,276,0.034767,54,0.6438333333333334,0.002297
LLGLSLShader::unbindTexture,E:\BoxxyViewer\indra\llrender\llglslshader.cpp,1208,0.034227,864,0.039614583333333335,0.000283
LLDrawPoolAvatar::beginDeferredRigid,E:\BoxxyViewer\indra\newview\lldrawpoolavatar.cpp,575,0.03378,607,0.05565074135090609,0.000788
LLDrawPoolAvatar::endDeferredRigid,E:\BoxxyViewer\indra\newview\lldrawpoolavatar.cpp,585,0.033241,607,0.054762767710049426,0.000811
LLPerfStats::RecordTime<0>::RecordTime,E:\BoxxyViewer\indra\newview\llperfstats.h,318,0.033037,1721,0.019196397443346894,0.000632
LLError::Log::flush,E:\BoxxyViewer\indra\llcommon\llerror.cpp,1438,0.032743,44,0.7441590909090908,0.001847
Update Dynamic Textures,E:\BoxxyViewer\indra\newview\llviewerdisplay.cpp,706,0.032517,173,0.18795953757225434,0.000888
LLMeshRepository::loadMesh,E:\BoxxyViewer\indra\newview\llmeshrepository.cpp,4477,0.032272,38,0.8492631578947368,0.003155
LLDrawPoolTerrain::endShadowPass,E:\BoxxyViewer\indra\newview\lldrawpoolterrain.cpp,168,0.032046,1024,0.031294921875,0.00068
Env Update,E:\BoxxyViewer\indra\newview\llviewerdisplay.cpp,747,0.031195,173,0.18031791907514452,0.00037
df processMiscNativeEvents,E:\BoxxyViewer\indra\newview\llappviewer.cpp,1385,0.030763,172,0.1788546511627907,0.001399
UI 3D,E:\BoxxyViewer\indra\newview\llviewerdisplay.cpp,1522,0.030677,172,0.1783546511627907,0.000902
LLDrawPoolBump::endFullbrightShiny,E:\BoxxyViewer\indra\newview\lldrawpoolbump.cpp,387,0.030513,1850,0.016493513513513514,0.000222
rmmun - search,E:\BoxxyViewer\indra\newview\llreflectionmapmanager.cpp,1079,0.030294,24,1.26225,0.002145
LLSettingsBlenderTimeDelta::calculateBlend,E:\BoxxyViewer\indra\llinventory\llsettingsbase.cpp,797,0.030149,346,0.08713583815028902,0.0008
LLVOAvatar::updateGeometry,E:\BoxxyViewer\indra\newview\llvoavatar.cpp,7846,0.030065,173,0.17378612716763006,0.000481
LLViewerFetchedTexture::setKnownDrawSize,E:\BoxxyViewer\indra\newview\llviewertexture.cpp,1691,0.029968,1020,0.029380392156862743,0.000708
LLMemory::updateMemoryInfo,E:\BoxxyViewer\indra\llcommon\llmemory.cpp,112,0.02993,10,2.993,0.004937
tfwdw - DECODE_IMAGE,E:\BoxxyViewer\indra\newview\lltexturefetch.cpp,1743,0.029527,18,1.640388888888889,0.003005
doOcclusion - early fail,E:\BoxxyViewer\indra\newview\llvieweroctree.cpp,1196,0.02926,96,0.3047916666666667,0.001034
LLCore::HttpOpRequest::readCallback,E:\BoxxyViewer\indra\llcorehttp\_httpoprequest.cpp,811,0.029088,23,1.264695652173913,0.002139
LLDrawPoolAvatar::endDeferredSkinned,E:\BoxxyViewer\indra\newview\lldrawpoolavatar.cpp,653,0.028947,607,0.04768863261943986,0.000828
LLTextureFetch::getPending,E:\BoxxyViewer\indra\newview\lltexturefetch.cpp,2917,0.028386,344,0.08251744186046511,0.000397
Class,E:\BoxxyViewer\indra\newview\llviewerdisplay.cpp,858,0.028344,173,0.16383815028901733,0.000809
Env Update,E:\BoxxyViewer\indra\newview\llviewerdisplay.cpp,1195,0.028086,172,0.1632906976744186,0.000399
rmmun - clear,E:\BoxxyViewer\indra\newview\llreflectionmapmanager.cpp,1064,0.028069,24,1.1695416666666667,0.003561
process_object_animation,E:\BoxxyViewer\indra\newview\llviewermessage.cpp,4129,0.028067,3,9.355666666666666,0.01104
LLTrace::Recording::handleReset,E:\BoxxyViewer\indra\llcommon\lltracerecording.cpp,118,0.02771,344,0.08055232558139536,0.000339
LLStopWatchControlsMixinCommon::stop,E:\BoxxyViewer\indra\llcommon\lltracerecording.cpp,949,0.027689,172,0.16098255813953488,0.000405
lllog,E:\BoxxyViewer\indra\newview\llviewerobjectlist.cpp,475,0.027533,1365,0.02017069597069597,0.000241
LL::GLTFSceneManager::update,E:\BoxxyViewer\indra\newview\gltfscenemanager.cpp,484,0.027424,173,0.15852023121387282,0.000816
lllog,E:\BoxxyViewer\indra\newview\llvovolume.cpp,2576,0.027185,3406,0.007981503229594834,0.000687
LLImageGL::createGLTexture,E:\BoxxyViewer\indra\llrender\llimagegl.cpp,1624,0.026675,14,1.905357142857143,0.003214
LLVolumeImplFlexible::doFlexibleUpdate,E:\BoxxyViewer\indra\newview\llflexibleobject.cpp,431,0.026643,37,0.720081081081081,0.002277
LLTextureFetch::releaseHttpWaiters,E:\BoxxyViewer\indra\newview\lltexturefetch.cpp,3306,0.0264,172,0.15348837209302327,0.000675
FTM_REGION_UPDATE,E:\BoxxyViewer\indra\newview\llappviewer.cpp,5541,0.026385,173,0.15251445086705204,0.000826
LLSettingsWater::blend,E:\BoxxyViewer\indra\llinventory\llsettingswater.cpp,237,0.026205,173,0.15147398843930637,0.000384
LLPipeline::createObjects,E:\BoxxyViewer\indra\newview\pipeline.cpp,2012,0.026131,173,0.1510462427745665,0.000268
LLTrace::PeriodicRecording::getPeriodMeanPerSec,E:\BoxxyViewer\indra\llcommon\lltracerecording.h,574,0.025932,173,0.14989595375722545,0.000296
LLImageDecodeThread::decodeImage,E:\BoxxyViewer\indra\llimage\llimageworker.cpp,97,0.025882,18,1.437888888888889,0.002235
LLTrace::PeriodicRecording::getPeriodMeanPerSec,E:\BoxxyViewer\indra\llcommon\lltracerecording.h,574,0.025672,518,0.049559845559845564,0.000749
LLTrans::getString,E:\BoxxyViewer\indra\llui\lltrans.cpp,142,0.025083,5,5.0166,0.005842
Image Decode,E:\BoxxyViewer\indra\newview\llappviewer.cpp,1674,0.02498,172,0.1452325581395349,0.000285
LLDrawPoolAvatar::beginDeferredImpostor,E:\BoxxyViewer\indra\newview\lldrawpoolavatar.cpp,545,0.024383,346,0.07047109826589595,0.000799
lllog,E:\BoxxyViewer\indra\newview\llviewerobject.cpp,1234,0.02397,1677,0.014293381037567084,0.000836
LLImageGL::setImage,E:\BoxxyViewer\indra\llrender\llimagegl.cpp,745,0.023697,15,1.5797999999999999,0.004938
lllog,E:\BoxxyViewer\indra\newview\pipeline.cpp,11790,0.023061,261,0.08835632183908046,0.000808
lllog,E:\BoxxyViewer\indra\newview\lltoolpie.cpp,832,0.022628,172,0.1315581395348837,0.000704
LLPerfStats::RecordTime<0>::RecordTime,E:\BoxxyViewer\indra\newview\llperfstats.h,325,0.022124,1721,0.01285531667635096,8.4e-05
tfwdw - DECODE_IMAGE_UPDATE,E:\BoxxyViewer\indra\newview\lltexturefetch.cpp,1825,0.022079,36,0.6133055555555555,0.006669
LLRenderPass::pushUntexturedGLTFBatches,E:\BoxxyViewer\indra\newview\lldrawpool.cpp,930,0.021864,1024,0.0213515625,0.000611
lllog,E:\BoxxyViewer\indra\newview\llviewerobject.cpp,1236,0.021478,1677,0.012807394156231366,0.000645
lllog,E:\BoxxyViewer\indra\llwindow\llwindowwin32.cpp,5394,0.021209,111,0.19107207207207208,0.000443
Picking,E:\BoxxyViewer\indra\newview\llviewerdisplay.cpp,523,0.020739,173,0.119878612716763,0.005164
vftuf - desired > max,E:\BoxxyViewer\indra\newview\llviewertexture.cpp,2258,0.020572,1242,0.016563607085346217,0.000645
tfwdw - CACHE_POST,E:\BoxxyViewer\indra\newview\lltexturefetch.cpp,1217,0.020343,19,1.070684210526316,0.00337
world update,E:\BoxxyViewer\indra\newview\llappviewer.cpp,5578,0.020077,173,0.11605202312138728,0.000544
LLDrawPoolTerrain::endDeferredPass,E:\BoxxyViewer\indra\newview\lldrawpoolterrain.cpp,130,0.020014,345,0.05801159420289855,0.000775
System Messages,E:\BoxxyViewer\indra\newview\llappviewer.cpp,1390,0.019849,172,0.11540116279069766,0.00068
LLWalkAdjustMotion::onUpdate,E:\BoxxyViewer\indra\llcharacter\llkeyframewalkmotion.cpp,202,0.019587,23,0.8516086956521739,0.002059
lllog,E:\BoxxyViewer\indra\newview\llvoavatar.cpp,6730,0.019275,666,0.02894144144144144,0.000631
LLTextureFetch::cmdDequeue,E:\BoxxyViewer\indra\newview\lltexturefetch.cpp,3503,0.01845,172,0.10726744186046511,0.00055
llvfcs - generate indices,E:\BoxxyViewer\indra\llmath\llvolume.cpp,7312,0.018022,71,0.25383098591549297,0.001233
LLTrace::AccumulatorBuffer<class LLTrace::CountAccumulator>::getDefaultBuffer,E:\BoxxyViewer\indra\llcommon\lltraceaccumulators.h,223,0.017832,688,0.02591860465116279,0.000253
"LLThreadSafeQueue<struct tagMSG,class std::queue<struct tagMSG,class std::deque<struct tagMSG,class std::allocator<struct tagMSG> > > >::tryPop",E:\BoxxyViewer\indra\llcommon\llthreadsafequeue.h,477,0.016575,282,0.05877659574468085,0.000841
lllog,E:\BoxxyViewer\indra\newview\llface.cpp,828,0.016546,156,0.10606410256410256,0.000873
glTexImage2D alloc,E:\BoxxyViewer\indra\llrender\llimagegl.cpp,1470,0.016401,35,0.4686,0.001308
LLTrace::AccumulatorBuffer<class LLTrace::TimeBlockAccumulator>::getDefaultBuffer,E:\BoxxyViewer\indra\llcommon\lltraceaccumulators.h,223,0.016316,688,0.02371511627906977,0.000661
LLStringUtilBase<char>::format,E:\BoxxyViewer\indra\llcommon\llstring.cpp,1667,0.016283,47,0.3464468085106383,0.001087
lllog,E:\BoxxyViewer\indra\newview\llviewermessage.cpp,4041,0.016253,194,0.08377835051546391,0.00066
process_terse_object_update_improved,E:\BoxxyViewer\indra\newview\llviewermessage.cpp,3665,0.016111,122,0.13205737704918033,0.001013
LLDrawPoolTerrain::renderShadow,E:\BoxxyViewer\indra\newview\lldrawpoolterrain.cpp,175,0.015832,1024,0.0154609375,0.000199
LLStopWatchControlsMixinCommon::start,E:\BoxxyViewer\indra\llcommon\lltracerecording.cpp,927,0.015807,172,0.09190116279069767,0.000866
"LLThreadSafeQueue<struct tagMSG,class std::queue<struct tagMSG,class std::deque<struct tagMSG,class std::allocator<struct tagMSG> > > >::pushIfOpen",E:\BoxxyViewer\indra\llcommon\llthreadsafequeue.h,325,0.015633,111,0.14083783783783785,0.000835
lllog,E:\BoxxyViewer\indra\newview\llviewermedia.cpp,915,0.015507,172,0.09015697674418606,0.000419
LLTextureFetch::cmdDoWork,E:\BoxxyViewer\indra\newview\lltexturefetch.cpp,3520,0.015439,172,0.08976162790697674,0.000409
LLTrace::AccumulatorBuffer<class LLTrace::SampleAccumulator>::getDefaultBuffer,E:\BoxxyViewer\indra\llcommon\lltraceaccumulators.h,223,0.015355,688,0.02231831395348837,0.000678
media sort2,E:\BoxxyViewer\indra\newview\llviewermedia.cpp,904,0.015291,172,0.08890116279069767,0.000677
lllog,E:\BoxxyViewer\indra\newview\llvovolume.cpp,2023,0.015118,397,0.03808060453400504,0.00037
LLTextBase::appendText,E:\BoxxyViewer\indra\llui\lltextbase.cpp,2552,0.015081,332,0.045424698795180726,0.003716
LLUICtrlFactory::createWidgetImpl,E:\BoxxyViewer\indra\llui\lluictrlfactory.h,213,0.015061,1,15.061,0.015061
LLPipeline::clearReferences,E:\BoxxyViewer\indra\newview\pipeline.cpp,2296,0.01498,344,0.04354651162790697,0.000284
LLViewerTextureList::updateImagesLoadingFastCache,E:\BoxxyViewer\indra\newview\llviewertexturelist.cpp,1195,0.014886,173,0.08604624277456648,0.000273
LLStopWatchControlsMixinCommon::reset,E:\BoxxyViewer\indra\llcommon\lltracerecording.cpp,1054,0.014758,172,0.08580232558139535,0.000273
LLTextureFetch::removeFromHTTPQueue,E:\BoxxyViewer\indra\newview\lltexturefetch.cpp,2661,0.014561,23,0.6330869565217391,0.001316
LLTrace::AccumulatorBuffer<class LLTrace::EventAccumulator>::getDefaultBuffer,E:\BoxxyViewer\indra\llcommon\lltraceaccumulators.h,223,0.014398,688,0.02092732558139535,0.000646
LLPath::generate,E:\BoxxyViewer\indra\llmath\llvolume.cpp,1461,0.014351,33,0.43487878787878786,0.004917
LLTextureFetchWorker::DecodeResponder::completed,E:\BoxxyViewer\indra\newview\lltexturefetch.cpp,355,0.014226,18,0.7903333333333333,0.001455
lllog,E:\BoxxyViewer\indra\llwindow\llwindowwin32.cpp,5394,0.014078,111,0.12682882882882884,0.000325
LLViewerFetchedTexture::destroyRawImage,E:\BoxxyViewer\indra\newview\llviewertexture.cpp,2939,0.013838,360,0.03843888888888889,0.00066
lllog,E:\BoxxyViewer\indra\newview\llvoavatar.cpp,12225,0.013612,212,0.06420754716981132,0.000756
LLViewerTexture::removeFace,E:\BoxxyViewer\indra\newview\llviewertexture.cpp,923,0.013584,306,0.0443921568627451,0.000398
LLBumpImageList::getBrightnessDarknessImage,E:\BoxxyViewer\indra\newview\lldrawpoolbump.cpp,753,0.013234,132,0.10025757575757575,0.001297
lllog,E:\BoxxyViewer\indra\newview\llvoavatar.cpp,6697,0.01321,507,0.026055226824457593,0.000483
lllog,E:\BoxxyViewer\indra\newview\pipeline.cpp,11492,0.012928,261,0.04953256704980843,0.000707
LLStopWatchControlsMixinCommon::setPlayState,E:\BoxxyViewer\indra\llcommon\lltracerecording.cpp,1060,0.01291,172,0.07505813953488372,0.000657
LLViewerObjectList::killObject,E:\BoxxyViewer\indra\newview\llviewerobjectlist.cpp,1335,0.012849,42,0.30592857142857144,0.00088
LLWorld::setLandFarClip,E:\BoxxyViewer\indra\newview\llworld.cpp,861,0.012362,173,0.07145664739884393,0.000254
LLCore::HttpOpRequest::setupCommon,E:\BoxxyViewer\indra\llcorehttp\_httpoprequest.cpp,429,0.012226,43,0.2843255813953488,0.001018
LLTextureFetch::deleteRequest,E:\BoxxyViewer\indra\newview\lltexturefetch.cpp,2674,0.012224,8,1.528,0.002007
lllog,E:\BoxxyViewer\indra\llwindow\llwindowwin32.cpp,5402,0.012151,111,0.10946846846846847,0.00063
LL::WorkQueueBase::postMaybe,E:\BoxxyViewer\indra\llcommon\workqueue.h,553,0.012105,43,0.28151162790697676,0.001048
LLCore::HttpOpRequest::stageFromReady,E:\BoxxyViewer\indra\llcorehttp\_httpoprequest.cpp,211,0.012027,43,0.27969767441860466,0.00105
LLImageGL::createGLTexture,E:\BoxxyViewer\indra\llrender\llimagegl.cpp,1524,0.011991,14,0.8565,0.001169
lllog,E:\BoxxyViewer\indra\llcommon\lleventcoro.cpp,313,0.011609,53,0.21903773584905661,0.000902
delete_buffers,E:\BoxxyViewer\indra\llrender\llvertexbuffer.cpp,296,0.011519,40,0.28797500000000004,0.002977
"LLThreadSafeQueue<class std::function<void __cdecl(void)>,class std::queue<class std::function<void __cdecl(void)>,class std::deque<class std::function<void __cdecl(void)>,class std::allocator<class std::function<void __cdecl(void)> > > > >::push_",E:\BoxxyViewer\indra\llcommon\llthreadsafequeue.h,309,0.011387,16,0.7116875,0.00379
lllog,E:\BoxxyViewer\indra\newview\pipeline.cpp,11496,0.011037,261,0.042287356321839074,0.000214
LLWebRTCVoiceClient::sessionState::processSessionStates,E:\BoxxyViewer\indra\newview\llvoicewebrtc.cpp,2231,0.010985,43,0.25546511627906976,0.001067
`anonymous-namespace'::RecordToWinDebug::recordMessage,E:\BoxxyViewer\indra\llcommon\llerror.cpp,343,0.01077,44,0.24477272727272728,0.000946
LLVOAvatar::calculateControlAvatarComplexity,E:\BoxxyViewer\indra\newview\llvoavatar.cpp,11851,0.010722,98,0.10940816326530613,0.000698
LLTextureCacheWorker::finishWork,E:\BoxxyViewer\indra\newview\lltexturecache.cpp,729,0.010411,35,0.29745714285714286,0.000562
LLDate::toHTTPDateString,E:\BoxxyViewer\indra\llcommon\lldate.cpp,103,0.010235,7,1.4621428571428572,0.006085
LLTextureCacheWorker::doWork,E:\BoxxyViewer\indra\newview\lltexturecache.cpp,709,0.010176,35,0.29074285714285714,0.00091
qtpr - complete,E:\BoxxyViewer\indra\llcommon\llqueuedthread.cpp,476,0.010137,53,0.19126415094339624,0.000573
lllog,E:\BoxxyViewer\indra\newview\pipeline.cpp,11486,0.009857,261,0.037766283524904215,0.000757
lllog,E:\BoxxyViewer\indra\llcommon\lleventcoro.cpp,249,0.009685,76,0.1274342105263158,0.000339
LLStringUtilBase<char>::format,E:\BoxxyViewer\indra\llcommon\llstring.cpp,1740,0.009553,2,4.7765,0.007012
lllog,E:\BoxxyViewer\indra\llprimitive\llprimitive.cpp,1415,0.009389,312,0.03009294871794872,0.000237
LLDrawPoolTerrain::beginDeferredPass,E:\BoxxyViewer\indra\newview\lldrawpoolterrain.cpp,124,0.009336,345,0.02706086956521739,0.000617
lllog,E:\BoxxyViewer\indra\newview\llviewerobjectlist.cpp,544,0.009006,312,0.028865384615384616,0.000307
lllog,E:\BoxxyViewer\indra\llprimitive\llprimitive.cpp,1549,0.008955,282,0.03175531914893617,0.000266
lllog,E:\BoxxyViewer\indra\newview\llvoavatar.cpp,12080,0.008777,96,0.09142708333333333,0.000328
gi - mouse queue,E:\BoxxyViewer\indra\llwindow\llwindowwin32.cpp,2371,0.00826,172,0.04802325581395349,8.6e-05
vftuf - make request,E:\BoxxyViewer\indra\newview\llviewertexture.cpp,2296,0.008174,19,0.4302105263157895,0.001113
"LLThreadSafeQueue<class std::function<void __cdecl(void)>,class std::queue<class std::function<void __cdecl(void)>,class std::deque<class std::function<void __cdecl(void)>,class std::allocator<class std::function<void __cdecl(void)> > > > >::push",E:\BoxxyViewer\indra\llcommon\llthreadsafequeue.h,348,0.008174,111,0.07363963963963964,0.000336
LLWorkerThread::WorkRequest::finishRequest,E:\BoxxyViewer\indra\llcommon\llworkerthread.cpp,193,0.007819,53,0.14752830188679247,0.001042
LLPerfStats::StatsRecorder::endFrame,E:\BoxxyViewer\indra\newview\llperfstats.h,183,0.007811,172,0.04541279069767442,0.000281
gi - message queue,E:\BoxxyViewer\indra\llwindow\llwindowwin32.cpp,2326,0.00778,110,0.07072727272727274,0.000696
LLVOAvatar::calculateBodyPartsComplexity,E:\BoxxyViewer\indra\newview\llvoavatar.cpp,11822,0.00774,3,2.58,0.002821
`anonymous-namespace'::RecordToTracy::recordMessage,E:\BoxxyViewer\indra\llcommon\llerror.cpp,364,0.007666,44,0.17422727272727273,0.000577
ImageRequest::finishRequest,E:\BoxxyViewer\indra\llimage\llimageworker.cpp,221,0.007617,18,0.4231666666666667,0.000957
process_object_update,E:\BoxxyViewer\indra\newview\llviewermessage.cpp,3603,0.007614,98,0.0776938775510204,0.000264
vftuf - is fetching,E:\BoxxyViewer\indra\newview\llviewertexture.cpp,2205,0.007596,14,0.5425714285714286,0.001038
LLTextureFetch::addToHTTPQueue,E:\BoxxyViewer\indra\newview\lltexturefetch.cpp,2652,0.007512,17,0.44188235294117645,0.00164
LLViewerFetchedTexture::scheduleCreateTexture,E:\BoxxyViewer\indra\newview\llviewertexture.cpp,1609,0.007504,14,0.536,0.001234
LLPumpIO::callback,E:\BoxxyViewer\indra\llmessage\llpumpio.cpp,743,0.007271,172,0.04227325581395349,0.000123
LLTrace::AccumulatorBufferGroup::~AccumulatorBufferGroup,E:\BoxxyViewer\indra\llcommon\lltraceaccumulators.cpp,55,0.007236,344,0.021034883720930233,8e-05
LLWindowWin32::updateCursor,E:\BoxxyViewer\indra\llwindow\llwindowwin32.cpp,2262,0.006988,172,0.040627906976744184,0.000117
lllog,E:\BoxxyViewer\indra\newview\lltexturefetch.cpp,2360,0.006838,18,0.3798888888888889,0.001168
lllog,E:\BoxxyViewer\indra\newview\lltexturefetch.cpp,1852,0.006797,18,0.37761111111111106,0.001719
LLCalculateTangentArray,E:\BoxxyViewer\indra\llmath\llvolume.cpp,7590,0.006746,27,0.24985185185185185,0.000905
"LLThreadSafeQueue<struct tagMSG,class std::queue<struct tagMSG,class std::deque<struct tagMSG,class std::allocator<struct tagMSG> > > >::push",E:\BoxxyViewer\indra\llcommon\llthreadsafequeue.h,348,0.00674,111,0.06072072072072072,0.000277
LLTrace::AccumulatorBufferGroup::AccumulatorBufferGroup,E:\BoxxyViewer\indra\llcommon\lltraceaccumulators.cpp,41,0.006636,344,0.019290697674418607,3.4e-05
LLPipeline::resetFrameStats,E:\BoxxyViewer\indra\newview\pipeline.cpp,2074,0.006631,173,0.03832947976878613,0.000198
LLImageGL::analyzeAlphaData,E:\BoxxyViewer\indra\llrender\llimagegl.cpp,2203,0.006631,1,6.631,0.006631
LLUICtrlFactory::createWidgetImpl,E:\BoxxyViewer\indra\llui\lluictrlfactory.h,213,0.006605,1,6.605,0.006605
lllog,E:\BoxxyViewer\indra\newview\llviewerobject.cpp,154,0.006507,41,0.15870731707317073,0.000342
LLVolumeImplFlexible::preRebuild,E:\BoxxyViewer\indra\newview\llflexibleobject.cpp,727,0.006433,37,0.17386486486486488,0.000946
lllog,E:\BoxxyViewer\indra\llplugin\llpluginprocessparent.cpp,1033,0.005999,104,0.05768269230769231,0.000267
LLSharedMutex::unlockShared,E:\BoxxyViewer\indra\llcommon\llmutex.cpp,285,0.005954,20,0.29769999999999996,0.000729
gen_buffer,E:\BoxxyViewer\indra\llrender\llvertexbuffer.cpp,263,0.005923,106,0.05587735849056604,0.000355
df gatherInput,E:\BoxxyViewer\indra\newview\llappviewer.cpp,1395,0.005916,172,0.03439534883720931,5.6e-05
lllog,E:\BoxxyViewer\indra\llplugin\llpluginmessagepipe.cpp,308,0.005857,67,0.08741791044776119,0.000239
LLCore::HttpOpRequest::setupPost,E:\BoxxyViewer\indra\llcorehttp\_httpoprequest.cpp,348,0.005507,23,0.23943478260869566,0.000457
clear max/sum,E:\BoxxyViewer\indra\newview\llperfstats.cpp,228,0.005393,172,0.0313546511627907,0.000203
LLViewerTextureList::updateImagesUpdateStats,E:\BoxxyViewer\indra\newview\llviewertexturelist.cpp,1323,0.005268,173,0.03045086705202312,6.3e-05
lllog,E:\BoxxyViewer\indra\llcommon\lleventcoro.cpp,275,0.005207,23,0.2263913043478261,0.000845
LLViewerFetchedTexture::preCreateTexture,E:\BoxxyViewer\indra\newview\llviewertexture.cpp,1446,0.004951,14,0.35364285714285715,0.000496
lllog,E:\BoxxyViewer\indra\newview\llviewerobjectlist.cpp,1300,0.00495,42,0.11785714285714285,0.000248
LLCore::HttpOpRequest::setupGetByteRange,E:\BoxxyViewer\indra\llcorehttp\_httpoprequest.cpp,328,0.004815,20,0.24075,0.000873
sub_image_lines,E:\BoxxyViewer\indra\llrender\llimagegl.cpp,1064,0.004775,15,0.3183333333333333,0.000871
lllog,E:\BoxxyViewer\indra\newview\llvoavatar.cpp,7210,0.004689,48,0.0976875,0.000167
"LLThreadSafeQueue<class std::function<void __cdecl(void)>,class std::queue<class std::function<void __cdecl(void)>,class std::deque<class std::function<void __cdecl(void)>,class std::allocator<class std::function<void __cdecl(void)> > > > >::tryPush",E:\BoxxyViewer\indra\llcommon\llthreadsafequeue.h,360,0.004633,16,0.2895625,0.001183
LLScopedLock::LLScopedLock,E:\BoxxyViewer\indra\llcommon\llmutex.cpp,403,0.004594,98,0.046877551020408165,0.000327
lllog,E:\BoxxyViewer\indra\newview\lltexturefetch.cpp,1802,0.004587,18,0.25483333333333336,0.000408
vftuf - data good,E:\BoxxyViewer\indra\newview\llviewertexture.cpp,1967,0.004284,14,0.306,0.001083
lllog,E:\BoxxyViewer\indra\newview\lltexturefetch.cpp,2642,0.004205,19,0.22131578947368422,0.000401
lllog,E:\BoxxyViewer\indra\llmessage\message.cpp,2388,0.004192,23,0.1822608695652174,0.000801
lllog,E:\BoxxyViewer\indra\newview\lleventpoll.cpp,316,0.004173,23,0.18143478260869567,0.000345
LLImageGL::updateStats,E:\BoxxyViewer\indra\llrender\llimagegl.cpp,410,0.004122,173,0.023826589595375723,3.7e-05
LLTextureFetchWorker::CacheReadResponder::completed,E:\BoxxyViewer\indra\newview\lltexturefetch.cpp,305,0.004103,19,0.21594736842105264,0.000608
LLImageGL::generateTextures,E:\BoxxyViewer\indra\llrender\llimagegl.cpp,1248,0.004066,14,0.2904285714285714,0.000847
LLTextureFetchWorker::callbackCacheRead,E:\BoxxyViewer\indra\newview\lltexturefetch.cpp,2289,0.004016,19,0.2113684210526316,0.000399
"LLError::GenericRecorder<void (__cdecl*)(enum LLError::ELevel,class std::basic_string<char,struct std::char_traits<char>,class std::allocator<char> > const &)>::recordMessage",E:\BoxxyViewer\indra\llcommon\llerrorcontrol.h,191,0.003984,44,0.09054545454545454,0.000438
GPU Collect,E:\BoxxyViewer\indra\llwindow\llwindowwin32.cpp,4111,0.003955,172,0.022994186046511628,0.000167
LLFlyAdjustMotion::onUpdate,E:\BoxxyViewer\indra\llcharacter\llkeyframewalkmotion.cpp,378,0.003896,15,0.25973333333333337,0.00054
Deffered alpha mask analysis,E:\BoxxyViewer\indra\llrender\llimagegl.cpp,2356,0.003782,1,3.782,0.003782
LLBreatheMotionRot::onUpdate,E:\BoxxyViewer\indra\newview\llvoavatar.cpp,489,0.003727,19,0.19615789473684211,0.000358
LLImageGL::setManualImage,E:\BoxxyViewer\indra\llrender\llimagegl.cpp,1311,0.003714,35,0.10611428571428572,0.000371
tgd - do bump,E:\BoxxyViewer\indra\newview\llface.cpp,1955,0.003546,4,0.8865,0.001047
LLTextureFetchWorker::CacheWriteResponder::completed,E:\BoxxyViewer\indra\newview\lltexturefetch.cpp,330,0.003546,16,0.221625,0.001016
LLViewerFetchedTexture::addToCreateTexture,E:\BoxxyViewer\indra\newview\llviewertexture.cpp,1400,0.003531,14,0.2522142857142857,0.00086
LLScopedLock::unlock,E:\BoxxyViewer\indra\llcommon\llmutex.cpp,422,0.003486,98,0.035571428571428566,0.000317
lllog,E:\BoxxyViewer\indra\newview\lltexturefetch.cpp,2197,0.003426,16,0.214125,0.000441
LLKeyframeWalkMotion::onUpdate,E:\BoxxyViewer\indra\llcharacter\llkeyframewalkmotion.cpp,108,0.0034,20,0.17,0.000389
lllog,E:\BoxxyViewer\indra\llplugin\llpluginprocessparent.cpp,1143,0.003389,25,0.13556,0.000881
lllog,E:\BoxxyViewer\indra\llmessage\llhttpnode.cpp,258,0.003274,46,0.07117391304347827,0.000252
LLMutex::isLocked,E:\BoxxyViewer\indra\llcommon\llmutex.cpp,103,0.003262,41,0.0795609756097561,0.000157
tfwdw - DONE,E:\BoxxyViewer\indra\newview\lltexturefetch.cpp,1931,0.003241,18,0.18005555555555555,0.000471
lllog,E:\BoxxyViewer\indra\newview\lltexturefetch.cpp,1249,0.003182,17,0.1871764705882353,0.000524
tfwdw - WAIT_HTTP_RESOURCE,E:\BoxxyViewer\indra\newview\lltexturefetch.cpp,1353,0.003063,17,0.1801764705882353,0.000332
LLReflectionMapManager::updateNeighbors,E:\BoxxyViewer\indra\newview\llreflectionmapmanager.cpp,1056,0.00306,29,0.10551724137931034,0.000191
LLTextureCacheWorker::endWork,E:\BoxxyViewer\indra\newview\lltexturecache.cpp,764,0.002959,35,0.08454285714285714,0.000334
lllog,E:\BoxxyViewer\indra\newview\lltexturefetch.cpp,1461,0.002931,17,0.17241176470588235,0.000552
LLViewerFetchedTexture::postCreateTexture,E:\BoxxyViewer\indra\newview\llviewertexture.cpp,1576,0.002889,14,0.20635714285714285,0.000312
lllog,E:\BoxxyViewer\indra\newview\lleventpoll.cpp,186,0.002749,23,0.11952173913043478,0.000178
lllog,E:\BoxxyViewer\indra\newview\lltexturefetch.cpp,1291,0.002662,17,0.15658823529411764,0.000508
lllog,E:\BoxxyViewer\indra\newview\lltexturefetch.cpp,2842,0.002482,14,0.17728571428571427,0.000336
LLTextureFetch::updateRequestPriority,E:\BoxxyViewer\indra\newview\lltexturefetch.cpp,2888,0.00235,16,0.146875,0.000428
LLUICtrl::postBuild,E:\BoxxyViewer\indra\llui\lluictrl.cpp,478,0.002289,3,0.763,0.001634
lllog,E:\BoxxyViewer\indra\newview\lltexturefetch.cpp,2013,0.002273,16,0.1420625,0.000298
LLAudioEngine::getAudioData,E:\BoxxyViewer\indra\llaudio\llaudioengine.cpp,929,0.002259,3,0.753,0.000807
LLViewerObjectList::removeFromLocalIDTable,E:\BoxxyViewer\indra\newview\llviewerobjectlist.cpp,170,0.002252,42,0.05361904761904762,0.000458
vftuf - has raw image,E:\BoxxyViewer\indra\newview\llviewertexture.cpp,1956,0.002153,14,0.15378571428571428,0.000433
LLImageGL::deleteTextures,E:\BoxxyViewer\indra\llrender\llimagegl.cpp,1299,0.002148,13,0.16523076923076924,0.000257
lllog,E:\BoxxyViewer\indra\newview\lltexturefetch.cpp,1137,0.002143,19,0.11278947368421052,0.000207
LLImageJ2C::decode,E:\BoxxyViewer\indra\llimage\llimagej2c.cpp,150,0.00209,18,0.11611111111111111,0.000207
cglt - late setImage,E:\BoxxyViewer\indra\llrender\llimagegl.cpp,1692,0.001963,14,0.14021428571428574,0.000269
glTexImage2D copy,E:\BoxxyViewer\indra\llrender\llimagegl.cpp,1477,0.00196,15,0.13066666666666665,0.000255
LLCore::HttpOpRequest::curlSslCtxCallback,E:\BoxxyViewer\indra\llcorehttp\_httpoprequest.cpp,1025,0.001955,1,1.955,0.001955
vftuf - missing asset,E:\BoxxyViewer\indra\newview\llviewertexture.cpp,2169,0.001938,96,0.0201875,4.8e-05
lllog,E:\BoxxyViewer\indra\llmessage\message.cpp,2390,0.001783,23,0.07752173913043478,0.000172
lllog,E:\BoxxyViewer\indra\llmessage\llcoproceduremanager.cpp,486,0.001742,27,0.06451851851851852,0.000312
LLMeshLODHandler::processData,E:\BoxxyViewer\indra\newview\llmeshrepository.cpp,3982,0.001741,3,0.5803333333333334,0.000749
LLTextureFetchWorker::finishWork,E:\BoxxyViewer\indra\newview\lltexturefetch.cpp,2082,0.001568,18,0.08711111111111111,0.000625
LLTextureFetch::getFetchState,E:\BoxxyViewer\indra\newview\lltexturefetch.cpp,3159,0.001552,19,0.08168421052631579,0.000102
lllog,E:\BoxxyViewer\indra\llplugin\llpluginclassmedia.cpp,1126,0.001498,60,0.024966666666666665,0.00025
lllog,E:\BoxxyViewer\indra\newview\llmeshrepository.cpp,2114,0.001449,30,0.048299999999999996,0.000498
LLFace::dirtyTexture,E:\BoxxyViewer\indra\newview\llface.cpp,315,0.001269,4,0.31725,0.00087
lllog,E:\BoxxyViewer\indra\llmessage\message.cpp,2389,0.001246,23,0.05417391304347826,0.000143
LLUICtrlFactory::createWidgetImpl,E:\BoxxyViewer\indra\llui\lluictrlfactory.h,213,0.001187,1,1.187,0.001187
LLGLTFMaterial::getHash,E:\BoxxyViewer\indra\llprimitive\llgltfmaterial.cpp,865,0.001147,5,0.2294,0.000484
LLImageGL::setManualImage,E:\BoxxyViewer\indra\llrender\llimagegl.cpp,1314,0.001102,35,0.031485714285714284,0.000177
lllog,E:\BoxxyViewer\indra\llwindow\llwindowwin32.cpp,3603,0.001097,6,0.18283333333333335,0.000415
lllog,E:\BoxxyViewer\indra\newview\llviewermessage.cpp,493,0.000831,5,0.1662,0.00035
vftuf - request created,E:\BoxxyViewer\indra\newview\llviewertexture.cpp,2319,0.000817,19,0.043,5.4e-05
tcwfw - read fail,E:\BoxxyViewer\indra\newview\lltexturecache.cpp,745,0.0008,2,0.4,0.000544
LLDate::toHTTPDateString,E:\BoxxyViewer\indra\llcommon\lldate.cpp,94,0.000786,7,0.1122857142857143,0.000561
lllog,E:\BoxxyViewer\indra\newview\lltexturecache.cpp,519,0.000746,4,0.1865,0.000282
lllog,E:\BoxxyViewer\indra\newview\llviewermessage.cpp,4146,0.000728,3,0.24266666666666667,0.000439
lllog,E:\BoxxyViewer\indra\llaudio\llaudioengine.cpp,1680,0.000724,3,0.24133333333333334,0.000318
LLTextureCache::setHeaderCacheEntry,E:\BoxxyViewer\indra\newview\lltexturecache.cpp,1905,0.000664,2,0.332,0.000488
LL::WorkQueueBase::postTo,E:\BoxxyViewer\indra\llcommon\workqueue.h,502,0.00065,1,0.65,0.00065
tcwfw - write,E:\BoxxyViewer\indra\newview\lltexturecache.cpp,752,0.000584,16,0.0365,0.000113
lllog,E:\BoxxyViewer\indra\newview\llvoavatar.cpp,6746,0.000544,7,0.07771428571428571,0.0001
LLImageGL::createPickMask,E:\BoxxyViewer\indra\llrender\llimagegl.cpp,2389,0.000537,1,0.537,0.000537
llvfcuccm - generate indices,E:\BoxxyViewer\indra\llmath\llvolume.cpp,6433,0.000521,8,0.065125,0.000149
lllog,E:\BoxxyViewer\indra\newview\llcontrolavatar.cpp,592,0.000506,6,0.08433333333333333,0.000204
LLImageGL::setSubImage,E:\BoxxyViewer\indra\llrender\llimagegl.cpp,1225,0.000497,1,0.497,0.000497
lllog,E:\BoxxyViewer\indra\newview\llviewertexture.cpp,2371,0.000489,8,0.061125,0.00012
lllog,E:\BoxxyViewer\indra\newview\llsechandler_basic.cpp,536,0.000468,1,0.468,0.000468
mwp - default,E:\BoxxyViewer\indra\llwindow\llwindowwin32.cpp,3602,0.00046,6,0.07666666666666667,0.000249
lllog,E:\BoxxyViewer\indra\newview\llavatarrenderinfoaccountant.cpp,380,0.00046,1,0.46,0.00046
vftuf - create or missing,E:\BoxxyViewer\indra\newview\llviewertexture.cpp,2263,0.000401,14,0.028642857142857144,8.6e-05
LLImageGL::setSubImage,E:\BoxxyViewer\indra\llrender\llimagegl.cpp,1116,0.000378,1,0.378,0.000378
lllog,E:\BoxxyViewer\indra\llappearance\llavatarappearance.cpp,456,0.000319,1,0.319,0.000319
lllog,E:\BoxxyViewer\indra\newview\llviewermessage.cpp,4136,0.000315,3,0.105,0.000127
lllog,E:\BoxxyViewer\indra\newview\llviewerobject.cpp,1538,0.000269,1,0.269,0.000269
lllog,E:\BoxxyViewer\indra\llappearance\llavatarappearance.cpp,462,0.000252,1,0.252,0.000252
lllog,E:\BoxxyViewer\indra\newview\lltexturefetch.cpp,1233,0.000232,2,0.116,0.000117
lllog,E:\BoxxyViewer\indra\newview\llvoavatar.cpp,12126,0.000231,3,0.077,9.8e-05
LL::WorkQueueBase::postMaybe,E:\BoxxyViewer\indra\llcommon\workqueue.h,553,0.000231,1,0.231,0.000231
lllog,E:\BoxxyViewer\indra\newview\llviewermessage.cpp,4140,0.000228,3,0.076,0.0001
lllog,E:\BoxxyViewer\indra\newview\llsechandler_basic.cpp,1088,0.000218,1,0.218,0.000218
lllog,E:\BoxxyViewer\indra\newview\llvoicewebrtc.cpp,397,0.00021,1,0.21,0.00021
lllog,E:\BoxxyViewer\indra\newview\llvoavatar.cpp,6713,0.000194,5,0.038799999999999994,5.6e-05
lllog,E:\BoxxyViewer\indra\newview\llvoavatar.cpp,12073,0.000149,2,0.0745,0.000113
lllog,E:\BoxxyViewer\indra\llui\llview.cpp,173,0.000136,4,0.034,9.8e-05
LLGLTexture::setSubImage,E:\BoxxyViewer\indra\llrender\llgltexture.cpp,252,0.000128,1,0.128,0.000128
lllog,E:\BoxxyViewer\indra\newview\llviewermessage.cpp,3774,0.0001,1,0.1,0.0001
LLPelvisFixMotion::onUpdate,E:\BoxxyViewer\indra\newview\llvoavatar.cpp,591,9e-05,2,0.045,5.4e-05
lllog,E:\BoxxyViewer\indra\newview\llmeshrepository.cpp,2186,8.6e-05,3,0.028666666666666667,7.3e-05
lllog,E:\BoxxyViewer\indra\newview\llsechandler_basic.cpp,1124,4e-05,1,0.04,4e-05
